Tipo;Bairro;Quartos;Vagas;Suites;Area;Valor;Condominio;IPTU
Apartamento;Freguesia (Jacarepaguá);3;0;0;54;950.0;300.0;28.0
Apartamento;Olaria;3;1;0;68;1000.0;670.0;
Apartamento;Cachambi;2;0;0;60;1000.0;380.0;280.0
Apartamento;Vila Valqueire;2;1;0;45;800.0;280.0;14.0
Apartamento;Itanhangá;2;1;0;60;1000.0;450.0;150.0
Apartamento;Praça Seca;2;0;0;80;1000.0;;
Apartamento;Olaria;2;1;0;53;1100.0;160.0;
Apartamento;Praça Seca;2;0;0;80;900.0;350.0;
Apartamento;Rocha Miranda;2;1;0;50;1100.0;;
Apartamento;Recreio dos Bandeirantes;2;1;1;75;1000.0;1040.0;112.0
Apartamento;Méier;2;0;0;56;899.0;402.0;135.0
Apartamento;Engenho Novo;2;2;0;78;800.0;915.0;55.0
Apartamento;Campo Grande;2;0;0;60;800.0;380.0;
Apartamento;Taquara;2;2;0;55;790.0;350.0;
Apartamento;Tomás Coelho;2;0;0;70;800.0;;
Apartamento;Água Santa;2;1;0;50;850.0;280.0;12.0
Apartamento;São Cristóvão;2;0;0;50;1000.0;600.0;
Apartamento;Olaria;2;0;0;90;1000.0;150.0;
Apartamento;Vila da Penha;2;0;0;60;900.0;160.0;25.0
Apartamento;Anil;2;1;0;48;1100.0;400.0;
Apartamento;Cachambi;3;0;0;70;900.0;200.0;30.0
Apartamento;Cachambi;2;1;0;70;950.0;530.0;30.0
Apartamento;Vaz Lobo;2;0;0;70;1000.0;32.0;
Apartamento;Madureira;2;0;0;40;600.0;415.0;
Apartamento;Campo Grande;2;0;1;58;1000.0;;
Apartamento;Praça Seca;3;0;0;90;900.0;330.0;15.0
Apartamento;Pechincha;2;1;0;64;800.0;248.0;14.0
Apartamento;Jacarepaguá;2;1;0;68;1100.0;540.0;
Apartamento;Irajá;2;1;0;65;1100.0;255.0;
Apartamento;Vila Isabel;2;1;0;70;1100.0;550.0;
Apartamento;Méier;2;1;0;62;1000.0;600.0;38.0
Apartamento;Taquara;2;1;0;53;1100.0;450.0;150.0
Apartamento;Penha;2;0;0;64;950.0;180.0;
Apartamento;Vargem Pequena;2;1;1;80;1100.0;650.0;
Apartamento;Quintino Bocaiúva;2;0;0;67;900.0;320.0;
Apartamento;Inhaúma;3;1;0;60;750.0;236.0;
Apartamento;Pechincha;2;1;0;65;950.0;640.0;126.0
Apartamento;Marechal Hermes;2;1;0;70;850.0;200.0;
Apartamento;Praça Seca;2;1;1;63;1100.0;361.0;
Apartamento;Piedade;2;1;0;83;950.0;;13.0
Apartamento;Pechincha;2;1;0;52;700.0;420.0;35.0
Apartamento;Freguesia (Jacarepaguá);2;1;0;55;1000.0;390.0;36.0
Apartamento;Água Santa;2;1;0;70;800.0;250.0;14.0
Apartamento;Itanhangá;2;1;1;58;900.0;500.0;212.0
Apartamento;Quintino Bocaiúva;2;0;0;80;900.0;170.0;
Apartamento;Andaraí;2;0;0;66;700.0;900.0;46.0
Apartamento;Pechincha;2;1;0;60;900.0;420.0;15.0
Apartamento;Cachambi;2;0;0;50;900.0;313.0;
Apartamento;Tijuca;2;1;0;88;1100.0;693.0;32.0
Apartamento;Lins de Vasconcelos;2;0;0;50;900.0;360.0;13.0
Apartamento;Campo Grande;2;1;0;70;750.0;330.0;
Apartamento;Camorim;2;1;0;48;1000.0;340.0;90.0
Apartamento;Cascadura;3;0;0;58;990.0;100.0;
Apartamento;Pechincha;2;1;1;61;1000.0;489.0;
Apartamento;Anil;2;1;0;46;1100.0;430.0;12.0
Apartamento;Méier;2;1;0;77;1000.0;925.0;
Apartamento;Barra da Tijuca;2;1;1;70;1150.0;1260.0;160.0
Apartamento;Campo Grande;2;1;0;50;1000.0;310.0;
Apartamento;Bonsucesso;2;0;0;61;1100.0;284.0;
Apartamento;Engenho de Dentro;2;1;0;66;1000.0;410.0;
Apartamento;Taquara;2;1;0;70;1000.0;500.0;
Apartamento;Pechincha;2;1;1;50;950.0;550.0;17.0
Apartamento;Inhoaíba;2;1;0;60;650.0;255.0;
Apartamento;Méier;3;1;0;100;1000.0;600.0;100.0
Apartamento;Rocha;2;1;0;68;1000.0;1000.0;
Apartamento;Freguesia (Jacarepaguá);2;1;0;59;700.0;475.0;
Apartamento;Rio Comprido;2;1;0;56;1000.0;312.0;33.0
Apartamento;Praça Seca;2;1;1;64;1100.0;440.0;
Apartamento;Jabour;3;0;0;67;780.0;165.0;
Apartamento;Vila da Penha;2;0;0;35;900.0;90.0;
Apartamento;Freguesia (Jacarepaguá);2;1;0;60;1000.0;420.0;13.0
Apartamento;Barra da Tijuca;2;1;0;62;1100.0;680.0;99.0
Apartamento;Taquara;2;1;0;75;700.0;622.0;
Apartamento;Campo Grande;2;1;0;60;900.0;200.0;
Apartamento;Méier;3;0;0;60;1000.0;120.0;15.0
Apartamento;Pechincha;2;1;0;49;790.0;410.0;
Apartamento;Grajaú;2;1;1;60;1100.0;750.0;96.0
Apartamento;Vicente de Carvalho;2;0;0;70;1000.0;;
Apartamento;Vila da Penha;2;0;0;60;1100.0;;15.0
Apartamento;Vista Alegre;2;0;0;60;700.0;210.0;
Apartamento;São Francisco Xavier;2;1;1;58;1000.0;603.0;35.0
Apartamento;Praça Seca;2;1;1;65;1000.0;515.0;
Apartamento;Campo Grande;2;1;0;50;600.0;330.0;
Apartamento;Pechincha;2;1;0;80;1000.0;500.0;143.0
Apartamento;Campo Grande;2;1;0;65;500.0;300.0;
Apartamento;Freguesia (Jacarepaguá);2;0;0;58;900.0;445.0;
Apartamento;Campo Grande;2;1;0;65;1000.0;338.0;
Apartamento;Campo Grande;2;1;0;48;790.0;280.0;
Apartamento;Pechincha;2;1;1;60;1100.0;656.0;16.0
Apartamento;Campo Grande;2;0;0;47;800.0;60.0;
Apartamento;Campo Grande;2;1;0;50;1100.0;350.0;
Apartamento;Bonsucesso;3;0;0;90;950.0;;28.0
Apartamento;Irajá;2;0;0;50;1000.0;260.0;
Apartamento;Campo Grande;2;0;0;74;750.0;;
Apartamento;Vargem Grande;2;1;1;70;990.0;487.0;27.0
Apartamento;Campo Grande;2;0;0;55;800.0;350.0;2.0
Apartamento;Taquara;2;1;0;63;1100.0;481.0;
Apartamento;Riachuelo;2;1;1;84;800.0;450.0;
Apartamento;Bonsucesso;3;1;0;87;1000.0;755.0;29.0
Apartamento;Bangu;2;1;0;60;1000.0;200.0;
Apartamento;Vila Isabel;2;1;0;83;1100.0;600.0;98.0
Apartamento;Campo Grande;2;1;0;50;700.0;300.0;
Apartamento;Itanhangá;2;1;0;54;800.0;763.0;27.0
Apartamento;Engenho Novo;2;1;1;50;980.0;486.0;
Apartamento;Catumbi;2;1;0;46;1150.0;170.0;
Apartamento;Pechincha;2;1;1;60;1000.0;480.0;
Apartamento;Cachambi;2;0;0;42;880.0;370.0;114.0
Apartamento;Campo Grande;2;1;0;60;800.0;;
Apartamento;Méier;2;1;0;66;1000.0;660.0;39.0
Apartamento;Parque Anchieta;2;1;0;75;1000.0;;
Apartamento;Barra da Tijuca;2;1;1;58;1150.0;700.0;91.0
Apartamento;Bonsucesso;2;0;0;75;1000.0;475.0;
Apartamento;Campo Grande;2;0;0;60;700.0;;
Apartamento;Irajá;2;0;0;48;600.0;200.0;
Apartamento;Engenho de Dentro;3;1;0;75;1000.0;650.0;
Apartamento;Méier;2;0;0;50;1000.0;322.0;16.0
Apartamento;Vila Valqueire;2;1;1;62;1000.0;700.0;
Apartamento;Quintino Bocaiúva;2;1;0;60;1000.0;;
Apartamento;Tomás Coelho;2;1;0;44;750.0;300.0;20.0
Apartamento;Cascadura;2;0;0;50;850.0;140.0;
Apartamento;Anil;2;1;0;56;1100.0;355.0;162.0
Apartamento;Jacarepaguá;2;1;0;60;1000.0;590.0;20.0
Apartamento;Pechincha;2;1;0;50;600.0;330.0;14.0
Apartamento;Pavuna;2;0;0;40;600.0;;
Apartamento;Taquara;2;1;0;53;1000.0;400.0;16.0
Apartamento;Vargem Pequena;2;1;0;45;1100.0;360.0;40.0
Apartamento;Taquara;2;1;0;50;850.0;450.0;12.0
Apartamento;Vila da Penha;2;1;0;62;1100.0;;
Apartamento;Campo Grande;2;0;0;60;700.0;;
Apartamento;Pavuna;2;1;0;45;800.0;266.0;
Apartamento;Freguesia (Jacarepaguá);2;1;0;52;1100.0;618.0;13.0
Apartamento;Méier;2;1;0;61;1100.0;516.0;742.0
Apartamento;Jacarepaguá;2;0;0;44;850.0;260.0;13.0
Apartamento;Tijuca;2;0;0;40;1100.0;742.0;20.0
Apartamento;Santa Cruz;2;0;0;60;600.0;110.0;
Apartamento;Vila da Penha;2;0;0;94;900.0;309.0;
Apartamento;Cachambi;2;1;0;63;900.0;555.0;
Apartamento;Praça Seca;3;1;0;57;550.0;274.0;13.0
Apartamento;Guadalupe;2;0;0;57;950.0;;
Apartamento;Campo Grande;2;1;0;60;900.0;308.0;
Apartamento;Camorim;2;1;0;50;900.0;350.0;16.0
Apartamento;Cachambi;2;1;0;50;900.0;450.0;135.0
Apartamento;Camorim;2;1;1;50;1000.0;420.0;30.0
Apartamento;Tijuca;2;1;0;86;1100.0;534.0;
Apartamento;Guadalupe;2;0;0;58;850.0;;
Apartamento;Engenho Novo;2;1;0;84;700.0;700.0;37.0
Apartamento;Pilares;2;0;0;60;900.0;25.0;
Apartamento;Encantado;2;1;0;55;1000.0;519.0;17.0
Apartamento;Taquara;2;1;0;50;1000.0;268.0;
Apartamento;Campo Grande;2;1;1;69;1195.0;450.0;20.0
Apartamento;Engenho de Dentro;2;1;1;50;1100.0;516.0;
Apartamento;Camorim;2;1;0;55;800.0;370.0;16.0
Apartamento;Higienópolis;2;0;1;48;1100.0;200.0;
Apartamento;Jabour;2;1;0;71;610.0;590.0;
Apartamento;Taquara;2;1;0;50;850.0;260.0;
Apartamento;Irajá;2;0;0;50;750.0;;
Apartamento;Vila Isabel;2;1;0;62;1100.0;617.0;21.0
Apartamento;Taquara;2;1;0;60;750.0;290.0;15.0
Apartamento;Jacarepaguá;2;1;1;80;1150.0;872.0;40.0
Apartamento;São Francisco Xavier;2;1;0;48;950.0;491.0;36.0
Apartamento;Cachambi;2;0;0;59;1100.0;650.0;50.0
Apartamento;Barra da Tijuca;2;1;0;52;1100.0;620.0;
Apartamento;Ramos;2;0;0;49;800.0;;
Apartamento;Ramos;2;1;0;65;700.0;400.0;
Apartamento;São Cristóvão;2;0;0;46;1100.0;395.0;15.0
Apartamento;Campo Grande;2;0;0;60;450.0;170.0;
Apartamento;Bonsucesso;3;0;0;66;1000.0;150.0;
Apartamento;Engenho de Dentro;2;0;0;65;950.0;480.0;
Apartamento;Irajá;2;1;1;50;1000.0;442.0;
Apartamento;Vaz Lobo;2;1;0;50;750.0;460.0;
Apartamento;Campo Grande;2;1;0;50;900.0;;
Apartamento;Curicica;2;1;0;55;800.0;350.0;16.0
Apartamento;Lins de Vasconcelos;2;0;0;80;900.0;539.0;13.0
Apartamento;Olaria;2;0;0;54;900.0;;
Apartamento;Cordovil;2;0;0;65;1100.0;50.0;
Apartamento;Pechincha;3;1;1;90;1000.0;800.0;120.0
Apartamento;Praça Seca;2;0;0;48;950.0;160.0;12.0
Apartamento;Campo Grande;2;1;0;52;850.0;280.0;
Apartamento;Irajá;2;1;0;50;900.0;460.0;
Apartamento;Padre Miguel;2;1;0;50;800.0;273.0;
Apartamento;Tomás Coelho;2;0;0;70;760.0;150.0;
Apartamento;Praça Seca;2;0;1;62;1100.0;440.0;
Apartamento;Praça Seca;2;1;0;50;750.0;260.0;13.0
Apartamento;São Cristóvão;2;0;0;50;1000.0;320.0;
Apartamento;Recreio dos Bandeirantes;2;1;0;70;1050.0;500.0;60.0
Apartamento;Vargem Pequena;3;0;0;53;1000.0;382.0;
Apartamento;Taquara;2;1;1;50;1000.0;450.0;18.0
Apartamento;Barra da Tijuca;2;1;2;80;1000.0;1183.0;
Apartamento;São Francisco Xavier;2;1;0;66;850.0;401.0;
Apartamento;Itanhangá;2;1;0;65;1100.0;550.0;34.0
Apartamento;Méier;3;0;0;59;1050.0;230.0;25.0
Apartamento;Pechincha;3;1;1;85;1050.0;982.0;102.0
Apartamento;Taquara;2;1;0;55;1000.0;460.0;40.0
Apartamento;Praça Seca;2;1;1;64;1100.0;360.0;
Apartamento;Méier;2;1;0;63;950.0;600.0;37.0
Apartamento;Paciência;2;1;0;48;600.0;230.0;
Apartamento;Bonsucesso;2;0;0;75;900.0;640.0;
Apartamento;Irajá;2;1;0;45;1000.0;371.0;
Apartamento;Bonsucesso;2;0;0;67;800.0;484.0;
Apartamento;Andaraí;2;1;0;63;1100.0;450.0;24.0
Apartamento;Méier;2;1;0;60;1100.0;570.0;37.0
Apartamento;Freguesia (Jacarepaguá);2;1;0;59;900.0;575.0;14.0
Apartamento;Engenho Novo;2;0;0;65;990.0;590.0;
Apartamento;Engenho Novo;3;1;0;55;1000.0;700.0;
Apartamento;Madureira;2;0;0;50;700.0;480.0;
Apartamento;Méier;2;0;0;42;750.0;359.0;17.0
Apartamento;Engenho Novo;2;0;0;68;800.0;440.0;
Apartamento;Olaria;2;0;1;60;900.0;;
Apartamento;Colégio;2;1;0;75;990.0;;
Apartamento;Campo Grande;2;0;0;60;750.0;210.0;
Apartamento;São Francisco Xavier;2;1;1;54;1000.0;540.0;
Apartamento;Vila da Penha;2;0;0;60;950.0;30.0;
Apartamento;Campo Grande;3;1;0;65;900.0;130.0;
Apartamento;Vaz Lobo;2;0;0;60;680.0;198.0;
Apartamento;Campo Grande;2;1;1;60;800.0;180.0;
Apartamento;Bento Ribeiro;2;0;0;50;930.0;140.0;
Apartamento;Engenho de Dentro;2;1;0;50;1100.0;240.0;13.0
Apartamento;Madureira;2;1;0;60;1000.0;;
Apartamento;Todos os Santos;2;1;0;55;1100.0;260.0;
Apartamento;Campo Grande;2;1;0;60;750.0;215.0;
Apartamento;Cachambi;2;0;0;51;950.0;300.0;16.0
Apartamento;Vila Valqueire;2;1;0;72;800.0;150.0;12.0
Apartamento;Cachambi;2;1;0;60;950.0;652.0;
Apartamento;Campo Grande;2;0;0;66;950.0;75.0;
Apartamento;Campo Grande;3;1;0;56;900.0;780.0;
Apartamento;Campo Grande;2;0;0;80;1100.0;;
Apartamento;Méier;2;1;0;65;1100.0;765.0;
Apartamento;Pechincha;2;1;0;58;750.0;475.0;17.0
Apartamento;Campo Grande;3;1;0;65;900.0;130.0;
Apartamento;Piedade;3;0;0;75;950.0;87.0;14.0
Apartamento;Ilha do Governador;2;1;0;60;1000.0;396.0;21.0
Apartamento;Guadalupe;2;0;0;40;850.0;;
Apartamento;Campo Grande;2;1;0;60;900.0;600.0;
Apartamento;Abolição;2;2;0;81;850.0;350.0;49.0
Apartamento;Praça Seca;2;1;1;58;1100.0;490.0;70.0
Apartamento;Pavuna;2;1;0;40;750.0;100.0;
Apartamento;Campo Grande;2;1;0;65;800.0;330.0;
Apartamento;Vila da Penha;2;1;0;80;1100.0;380.0;
Apartamento;Taquara;2;0;2;65;1100.0;30.0;
Apartamento;Jardim Sulacap;2;0;0;58;1000.0;366.0;
Apartamento;Vila da Penha;2;1;0;48;1000.0;250.0;
Apartamento;São Francisco Xavier;2;2;0;74;1100.0;750.0;13.0
Apartamento;Oswaldo Cruz;2;1;1;84;950.0;320.0;
Apartamento;Pechincha;2;1;0;55;1150.0;630.0;10.0
Apartamento;Rio Comprido;2;0;0;68;1000.0;580.0;15.0
Apartamento;Higienópolis;2;0;0;60;850.0;230.0;
Apartamento;Vila Valqueire;2;1;0;90;1000.0;345.0;
Apartamento;Inhaúma;2;1;0;60;750.0;250.0;
Apartamento;Pechincha;2;1;0;60;1150.0;640.0;
Apartamento;Campo Grande;2;1;0;43;900.0;220.0;
Apartamento;Santa Teresa;2;0;0;65;1000.0;420.0;12.0
Apartamento;Todos os Santos;2;0;0;52;1100.0;130.0;
Apartamento;Itanhangá;2;0;0;58;750.0;638.0;27.0
Apartamento;Taquara;2;1;0;55;850.0;550.0;20.0
Apartamento;Taquara;2;1;1;60;866.0;580.0;13.0
Apartamento;Gamboa;2;0;0;35;850.0;90.0;
Apartamento;Olaria;2;1;0;53;850.0;320.0;25.0
Apartamento;Taquara;3;1;0;60;1100.0;441.0;345.0
Apartamento;Campo Grande;2;1;0;48;700.0;300.0;
Apartamento;Del Castilho;2;0;0;53;890.0;280.0;
Apartamento;Jacarepaguá;2;1;0;54;800.0;300.0;
Apartamento;Cascadura;2;0;0;57;1000.0;;
Apartamento;Curicica;2;1;0;49;1000.0;400.0;
Apartamento;Vila Isabel;2;0;0;59;1100.0;747.0;
Apartamento;Campo Grande;3;1;0;65;900.0;;
Apartamento;Barra da Tijuca;2;1;1;78;900.0;1200.0;156.0
Apartamento;Taquara;2;1;1;51;1150.0;410.0;340.0
Apartamento;Anil;2;1;0;65;900.0;325.0;25.0
Apartamento;Tijuca;2;0;0;50;1000.0;300.0;
Apartamento;Jardim América;2;0;0;45;1000.0;100.0;
Apartamento;Freguesia (Jacarepaguá);2;0;0;50;1100.0;300.0;135.0
Apartamento;Cachambi;2;1;0;50;1100.0;430.0;14.0
Apartamento;Jacarepaguá;2;1;0;62;1100.0;543.0;17.0
Apartamento;Campo Grande;2;1;0;55;400.0;200.0;
Apartamento;Vila da Penha;2;1;0;60;1100.0;510.0;
Apartamento;Realengo;2;1;0;60;1100.0;270.0;
Apartamento;Penha;2;1;0;60;1000.0;344.0;
Apartamento;Campo Grande;2;0;0;50;1100.0;;
Apartamento;Santíssimo;2;0;0;48;550.0;;
Apartamento;Freguesia (Jacarepaguá);2;1;0;61;1000.0;405.0;38.0
Apartamento;Campo Grande;2;1;1;65;900.0;400.0;
Apartamento;Anil;2;1;0;42;1000.0;402.0;
Apartamento;Campo Grande;2;1;0;45;590.0;305.0;
Apartamento;Campo Grande;2;0;0;55;1000.0;50.0;
Apartamento;Senador Vasconcelos;2;1;1;60;850.0;180.0;
Apartamento;Campo Grande;2;0;0;50;1120.0;;
Apartamento;Praça Seca;3;2;0;48;500.0;295.0;
Apartamento;Vila Valqueire;3;0;0;73;960.0;63.0;
Apartamento;Engenho de Dentro;2;1;0;50;1100.0;480.0;
Apartamento;Curicica;2;1;0;46;1000.0;503.0;13.0
Apartamento;Bangu;2;1;0;60;1000.0;500.0;
Apartamento;Campo Grande;2;1;0;60;600.0;415.0;
Apartamento;Riachuelo;2;0;0;76;1100.0;350.0;180.0
Apartamento;Campo Grande;2;1;0;48;900.0;340.0;
Apartamento;Engenho Novo;3;1;0;60;1100.0;650.0;20.0
Apartamento;Jacarepaguá;2;1;1;65;950.0;529.0;75.0
Apartamento;Santa Cruz;2;1;0;50;400.0;100.0;
Apartamento;Campo Grande;2;1;0;60;1100.0;480.0;
Apartamento;Colégio;2;1;0;75;990.0;;
Apartamento;Praça Seca;2;1;0;93;700.0;700.0;82.0
Apartamento;Engenho de Dentro;3;1;0;63;980.0;650.0;
Apartamento;Santíssimo;2;1;0;54;800.0;220.0;
Apartamento;Bonsucesso;2;0;0;60;900.0;110.0;33.0
Apartamento;Lins de Vasconcelos;2;0;0;46;950.0;507.0;151.0
Apartamento;Todos os Santos;2;0;0;37;800.0;270.0;16.0
Apartamento;Taquara;2;2;0;65;1000.0;220.0;14.0
Apartamento;Vila Isabel;2;0;0;62;1100.0;450.0;47.0
Apartamento;Cachambi;2;1;0;66;900.0;604.0;
Apartamento;Senador Vasconcelos;2;1;1;60;850.0;180.0;
Apartamento;Cachambi;2;0;0;70;800.0;545.0;
Apartamento;Lins de Vasconcelos;2;1;0;54;1100.0;652.0;
Apartamento;Realengo;2;0;0;40;900.0;;60.0
Apartamento;Engenho de Dentro;2;1;0;55;1100.0;270.0;17.0
Apartamento;Jacarepaguá;2;1;0;60;850.0;536.0;17.0
Apartamento;Freguesia (Jacarepaguá);2;0;0;48;700.0;317.0;14.0
Apartamento;Engenho de Dentro;2;0;0;70;1100.0;402.0;34.0
Apartamento;Itanhangá;2;0;0;58;900.0;547.0;34.0
Apartamento;Tomás Coelho;2;0;0;55;650.0;345.0;
Apartamento;Irajá;2;0;0;75;1110.0;;
Apartamento;Taquara;3;1;1;74;950.0;672.0;15.0
Apartamento;Praça Seca;3;1;0;62;730.0;300.0;16.0
Apartamento;Praça Seca;2;1;0;97;850.0;555.0;
Apartamento;Anil;2;1;0;46;1100.0;400.0;13.0
Apartamento;Irajá;2;0;0;31;750.0;;
Apartamento;Cachambi;2;1;0;70;1100.0;512.0;14.0
Apartamento;Campo Grande;2;1;0;55;800.0;550.0;
Apartamento;Pedra de Guaratiba;2;0;0;60;900.0;;
Apartamento;Lins de Vasconcelos;2;1;0;60;1000.0;546.0;13.0
Apartamento;Penha;2;1;0;56;800.0;448.0;28.0
Apartamento;Engenho Novo;2;0;0;60;800.0;620.0;12.0
Apartamento;Cascadura;2;1;0;55;850.0;540.0;
Apartamento;Lins de Vasconcelos;2;1;0;50;800.0;250.0;35.0
Apartamento;Vargem Pequena;2;0;0;53;1100.0;365.0;27.0
Apartamento;Campo Grande;2;1;0;51;600.0;325.0;
Apartamento;Méier;2;0;0;64;950.0;200.0;
Apartamento;Ramos;2;1;0;67;900.0;470.0;
Apartamento;Jacarepaguá;2;0;0;50;1000.0;520.0;50.0
Apartamento;Braz de Pina;2;0;0;49;1100.0;;
Apartamento;Freguesia (Jacarepaguá);2;1;0;65;800.0;673.0;100.0
Apartamento;Olaria;2;1;0;58;660.0;450.0;
Apartamento;Méier;2;1;0;71;1100.0;580.0;
Apartamento;Taquara;2;0;0;68;900.0;130.0;14.0
Apartamento;Campo Grande;2;0;0;60;650.0;330.0;
Apartamento;Lins de Vasconcelos;2;1;0;80;550.0;781.0;
Apartamento;Cachambi;2;1;1;68;999.0;451.0;50.0
Apartamento;Tijuca;2;0;0;64;1000.0;470.0;70.0
Apartamento;Centro;2;0;0;50;1000.0;450.0;50.0
Apartamento;Estácio;2;0;0;72;1100.0;425.0;13.0
Apartamento;Engenho de Dentro;2;1;0;70;1000.0;550.0;
Apartamento;Parada de Lucas;2;0;0;58;900.0;300.0;
Apartamento;Pilares;2;0;0;50;850.0;238.0;
Apartamento;Méier;2;1;0;77;1100.0;331.0;51.0
Apartamento;Lins de Vasconcelos;2;1;0;60;900.0;300.0;10.0
Apartamento;Praça Seca;3;1;0;48;850.0;293.0;13.0
Apartamento;Penha;2;0;0;80;1100.0;265.0;
Apartamento;Jardim Sulacap;2;0;0;56;960.0;240.0;
Apartamento;Turiaçu;2;0;1;42;900.0;;
Apartamento;Freguesia (Jacarepaguá);2;1;0;70;1000.0;200.0;20.0
Apartamento;Irajá;2;1;0;80;1100.0;350.0;
Apartamento;Praça Seca;2;1;0;57;750.0;488.0;14.0
Apartamento;Méier;2;0;0;70;1000.0;525.0;55.0
Apartamento;Vila Isabel;2;0;0;65;1000.0;436.0;21.0
Apartamento;Vicente de Carvalho;2;0;0;35;600.0;;
Apartamento;Taquara;2;0;0;52;900.0;528.0;
Apartamento;Pechincha;2;1;0;50;1000.0;385.0;13.0
Apartamento;Bonsucesso;2;0;0;49;980.0;350.0;
Apartamento;Vila Kosmos;2;0;0;65;1000.0;250.0;
Apartamento;Jardim Sulacap;2;1;0;56;830.0;270.0;
Apartamento;Engenho de Dentro;2;0;0;65;800.0;285.0;
Apartamento;Colégio;2;0;1;90;1000.0;;
Apartamento;Irajá;2;0;0;65;1000.0;260.0;
Apartamento;Oswaldo Cruz;2;0;0;55;930.0;140.0;
Apartamento;Freguesia (Jacarepaguá);2;0;0;58;1100.0;440.0;39.0
Apartamento;Maria da Graça;2;0;0;74;1100.0;300.0;118.0
Apartamento;Guaratiba;2;1;1;50;950.0;;
Apartamento;Grajaú;2;1;1;71;980.0;646.0;97.0
Apartamento;Inhaúma;2;1;0;48;800.0;370.0;
Apartamento;Penha;3;0;0;75;1100.0;185.0;
Apartamento;Bonsucesso;2;0;0;60;650.0;350.0;
Apartamento;Campo Grande;2;1;0;50;780.0;120.0;
Apartamento;Campo Grande;2;0;0;50;700.0;;
Apartamento;Taquara;2;1;0;52;1100.0;672.0;
Apartamento;Engenho Novo;2;0;0;60;900.0;400.0;170.0
Apartamento;Campo Grande;2;0;0;55;900.0;350.0;
Apartamento;Vista Alegre;2;0;0;37;1100.0;;
Apartamento;Vila da Penha;2;1;0;85;1100.0;300.0;
Apartamento;Pechincha;2;1;0;78;1100.0;570.0;18.0
Apartamento;Freguesia (Jacarepaguá);2;1;0;60;1000.0;575.0;65.0
Apartamento;Cachambi;2;1;0;65;800.0;410.0;
Apartamento;Jacarepaguá;2;1;0;41;1100.0;550.0;
Apartamento;Campo Grande;2;1;0;48;720.0;;
Apartamento;Pechincha;2;1;0;50;1100.0;575.0;36.0
Apartamento;Realengo;2;1;0;52;700.0;390.0;
Apartamento;Cachambi;2;0;0;75;900.0;200.0;
Apartamento;Olaria;2;0;0;55;750.0;90.0;
Apartamento;Taquara;3;1;0;55;900.0;330.0;15.0
Apartamento;Vila Valqueire;2;0;0;60;800.0;330.0;14.0
Apartamento;Tomás Coelho;2;1;0;50;650.0;228.0;
Apartamento;Ilha do Governador;2;1;0;48;1100.0;395.0;24.0
Apartamento;Maracanã;2;0;0;60;950.0;620.0;20.0
Apartamento;Guadalupe;2;1;0;40;600.0;293.0;53.0
Apartamento;Campo Grande;2;0;0;50;600.0;;
Apartamento;Méier;2;0;0;46;800.0;507.0;13.0
Apartamento;Ramos;2;1;0;54;1100.0;230.0;
Apartamento;Jacarepaguá;2;0;1;73;1000.0;543.0;58.0
Apartamento;Olaria;2;1;0;74;900.0;605.0;
Apartamento;Campo Grande;2;1;0;47;600.0;330.0;
Apartamento;Campo Grande;2;1;0;45;750.0;75.0;
Apartamento;Taquara;2;0;0;55;900.0;298.0;13.0
Apartamento;Pilares;2;1;0;55;1000.0;209.0;
Apartamento;Méier;2;1;0;46;900.0;420.0;13.0
Apartamento;Campo Grande;2;0;0;60;750.0;;
Apartamento;Quintino Bocaiúva;2;1;0;55;600.0;360.0;
Apartamento;Campo Grande;2;1;0;55;800.0;;
Apartamento;Méier;2;0;0;59;1100.0;681.0;
Apartamento;Vila da Penha;2;0;0;50;900.0;200.0;
Apartamento;Campo Grande;3;1;0;65;700.0;330.0;
Apartamento;Campo Grande;2;1;0;55;700.0;;2.0
Apartamento;Bonsucesso;2;0;0;100;900.0;484.0;
Apartamento;São Cristóvão;2;1;0;65;1100.0;379.0;
Apartamento;Pechincha;3;1;0;86;1000.0;670.0;84.0
Apartamento;São Cristóvão;2;1;0;53;900.0;689.0;
Apartamento;Freguesia (Jacarepaguá);2;0;0;60;900.0;315.0;
Apartamento;Vila da Penha;2;1;0;65;900.0;190.0;
Apartamento;Jacarepaguá;2;1;0;44;700.0;272.0;13.0
Apartamento;Camorim;2;1;1;50;1100.0;450.0;
Apartamento;Cascadura;2;0;0;70;700.0;310.0;
Apartamento;Vila Isabel;2;0;0;71;1100.0;525.0;21.0
Apartamento;Taquara;2;1;0;80;800.0;450.0;50.0
Apartamento;Vila da Penha;2;0;0;49;1000.0;285.0;
Apartamento;Jacarepaguá;2;1;0;47;1000.0;380.0;481.0
Apartamento;Méier;2;1;0;52;1000.0;300.0;
Apartamento;Engenho de Dentro;2;0;0;90;1100.0;320.0;13.0
Apartamento;Camorim;3;1;0;58;1000.0;402.0;34.0
Apartamento;Penha;2;1;0;60;750.0;280.0;
Apartamento;Praça Seca;3;0;0;48;800.0;300.0;
Apartamento;Campo Grande;2;1;0;65;900.0;308.0;
Apartamento;Engenho de Dentro;2;1;0;50;1100.0;500.0;150.0
Apartamento;Engenho Novo;3;0;0;55;800.0;785.0;14.0
Apartamento;Cachambi;3;0;0;65;1000.0;80.0;
Apartamento;Cachambi;2;2;1;80;1000.0;360.0;16.0
Apartamento;Irajá;2;1;0;81;1000.0;335.0;30.0
Apartamento;Taquara;2;1;1;66;1100.0;452.0;65.0
Apartamento;Freguesia (Jacarepaguá);2;1;0;56;1100.0;350.0;385.0
Apartamento;Campo Grande;2;1;0;60;750.0;200.0;
Apartamento;Campo Grande;2;1;0;50;550.0;105.0;
Apartamento;Vaz Lobo;2;0;0;70;1000.0;;
Apartamento;Rocha;2;1;0;58;800.0;600.0;
Apartamento;Méier;2;0;0;70;800.0;536.0;50.0
Apartamento;Taquara;2;1;0;51;890.0;390.0;13.0
Apartamento;Praça Seca;3;1;0;61;1000.0;450.0;17.0
Apartamento;Madureira;2;1;0;65;600.0;400.0;25.0
Apartamento;Campo Grande;2;1;0;50;550.0;;
Apartamento;Méier;2;1;0;55;700.0;480.0;30.0
Apartamento;Campo Grande;2;1;1;44;550.0;180.0;
Apartamento;Portuguesa;2;0;0;60;1100.0;350.0;250.0
Apartamento;Campo Grande;2;0;0;60;950.0;350.0;
Apartamento;Santo Cristo;2;0;0;70;850.0;;
Apartamento;Encantado;2;0;0;45;950.0;180.0;36.0
Apartamento;Campo Grande;2;0;0;55;500.0;;
Apartamento;Camorim;3;1;0;60;1050.0;350.0;
Apartamento;Vila Isabel;2;0;0;47;950.0;545.0;20.0
Apartamento;Irajá;2;1;0;45;750.0;220.0;
Apartamento;Cascadura;2;0;0;60;900.0;150.0;
Apartamento;Engenho Novo;2;1;1;68;1100.0;498.0;
Apartamento;Paciência;2;0;0;55;540.0;60.0;
Apartamento;Campo Grande;2;1;0;47;800.0;200.0;
Apartamento;Méier;2;1;1;63;1000.0;815.0;66.0
Apartamento;Pechincha;2;1;1;64;1150.0;545.0;91.0
Apartamento;Engenho Novo;2;0;0;89;1050.0;250.0;24.0
Apartamento;Vila Isabel;2;0;1;80;1100.0;850.0;
Apartamento;Engenho de Dentro;2;0;0;56;1100.0;105.0;
Apartamento;Méier;3;1;1;71;1000.0;836.0;39.0
Apartamento;Piedade;3;0;0;85;850.0;200.0;13.0
Apartamento;Rocha;2;1;0;79;1100.0;543.0;
Apartamento;Cachambi;2;1;0;55;850.0;380.0;13.0
Apartamento;Taquara;2;1;0;57;900.0;386.0;
Apartamento;Jacarepaguá;2;1;1;45;900.0;510.0;14.0
Apartamento;Campo Grande;2;0;1;92;1000.0;1200.0;34.0
Apartamento;Engenho Novo;2;0;0;60;700.0;450.0;14.0
Apartamento;Tomás Coelho;2;1;0;50;1100.0;;
Apartamento;Taquara;2;1;0;41;800.0;230.0;162.0
Apartamento;Tijuca;2;0;0;65;950.0;365.0;25.0
Apartamento;Campinho;3;1;0;64;1000.0;280.0;180.0
Apartamento;Praça da Bandeira;2;0;0;84;1000.0;610.0;90.0
Apartamento;Engenho Novo;2;0;0;57;1000.0;;
Apartamento;Oswaldo Cruz;2;0;0;50;800.0;;
Apartamento;Irajá;2;1;0;65;1100.0;260.0;
Apartamento;Méier;2;0;0;60;1000.0;340.0;
Apartamento;Anil;2;1;0;47;1000.0;400.0;36.0
Apartamento;Campo Grande;2;0;0;60;1000.0;300.0;
Apartamento;Madureira;2;0;0;70;700.0;1.0;
Apartamento;Pavuna;2;0;0;54;850.0;;
Apartamento;Vaz Lobo;2;0;0;50;900.0;;
Apartamento;Vila Isabel;2;1;0;60;1050.0;647.0;20.0
Apartamento;Campo Grande;2;1;0;70;900.0;390.0;
Apartamento;Campo Grande;2;1;1;60;1175.0;460.0;
Apartamento;Irajá;2;0;0;44;650.0;110.0;
Apartamento;Braz de Pina;2;0;0;40;800.0;160.0;
Apartamento;Méier;2;1;0;63;1100.0;529.0;34.0
Apartamento;Cachambi;2;1;0;45;1100.0;381.0;13.0
Apartamento;Irajá;2;1;0;91;900.0;340.0;
Apartamento;Méier;2;1;0;75;800.0;597.0;
Apartamento;Pechincha;2;1;0;80;1000.0;380.0;
Apartamento;Méier;2;1;0;60;1000.0;480.0;12.0
Apartamento;Anil;2;1;0;55;1100.0;439.0;50.0
Apartamento;Jacarepaguá;2;1;1;65;1100.0;550.0;
Apartamento;Freguesia (Jacarepaguá);2;1;0;62;1000.0;575.0;62.0
Apartamento;Praça Seca;2;1;0;67;1000.0;477.0;36.0
Apartamento;Vila da Penha;2;0;0;60;1100.0;;
Apartamento;Madureira;2;1;0;70;1000.0;550.0;
Apartamento;Braz de Pina;2;0;0;60;950.0;;
Apartamento;Vila da Penha;2;0;0;52;650.0;440.0;
Apartamento;Praça Seca;2;1;0;48;650.0;277.0;13.0
Apartamento;Anil;2;1;0;49;950.0;490.0;14.0
Apartamento;Méier;2;1;0;60;970.0;600.0;35.0
Apartamento;Maria da Graça;2;0;0;60;900.0;300.0;
Apartamento;Anil;2;1;0;50;850.0;450.0;
Apartamento;Irajá;2;0;0;43;1000.0;120.0;
Apartamento;Campo Grande;2;1;0;50;750.0;75.0;
Apartamento;Taquara;2;1;0;60;900.0;348.0;14.0
Apartamento;Campo Grande;2;0;1;75;1000.0;350.0;
Apartamento;Tanque;2;1;0;73;900.0;;13.0
Apartamento;Taquara;2;1;0;52;850.0;528.0;14.0
Apartamento;Maria da Graça;3;0;0;85;1100.0;;
Apartamento;Quintino Bocaiúva;2;1;0;70;1000.0;;
Apartamento;Parada de Lucas;2;1;0;55;850.0;302.0;
Apartamento;Lins de Vasconcelos;2;1;0;80;1000.0;630.0;150.0
Apartamento;Campo Grande;2;0;0;80;500.0;;
Apartamento;Curicica;2;1;0;50;1100.0;400.0;100.0
Apartamento;Campo Grande;3;1;0;65;750.0;350.0;
Apartamento;Braz de Pina;2;1;0;55;1000.0;280.0;
Apartamento;Olaria;2;1;0;74;1000.0;506.0;
Apartamento;Vicente de Carvalho;2;0;0;70;1100.0;;
Apartamento;Méier;2;0;0;56;799.0;402.0;135.0
Apartamento;Freguesia (Jacarepaguá);2;1;0;60;1100.0;280.0;15.0
Apartamento;Guadalupe;2;0;0;49;550.0;;
Apartamento;Vila da Penha;2;0;0;55;1000.0;210.0;
Apartamento;Turiaçu;2;1;0;52;600.0;150.0;
Apartamento;Cachambi;2;1;0;48;800.0;550.0;13.0
Apartamento;Campo Grande;2;1;0;55;600.0;250.0;
Apartamento;Engenho Novo;2;1;0;68;800.0;534.0;
Apartamento;Bangu;2;1;0;50;750.0;280.0;
Apartamento;Riachuelo;2;0;0;62;900.0;360.0;16.0
Apartamento;Campinho;2;0;0;62;700.0;428.0;
Apartamento;São Cristóvão;2;0;0;60;1000.0;340.0;20.0
Apartamento;Pedra de Guaratiba;2;1;0;75;700.0;;
Apartamento;Campo Grande;3;0;0;65;850.0;250.0;
Apartamento;Itanhangá;2;0;0;58;1000.0;630.0;33.0
Apartamento;Cachambi;2;0;0;53;1000.0;410.0;
Apartamento;Cachambi;2;1;0;62;900.0;600.0;
Apartamento;Campo Grande;2;0;0;50;600.0;300.0;
Apartamento;Estácio;3;0;0;64;1100.0;578.0;13.0
Apartamento;Campo Grande;2;1;0;55;800.0;220.0;
Apartamento;Engenho Novo;2;0;0;70;900.0;110.0;
Apartamento;Campo Grande;2;1;0;74;800.0;600.0;
Apartamento;Riachuelo;2;0;0;56;1000.0;623.0;
Apartamento;Campinho;2;1;0;48;1000.0;383.0;
Apartamento;Engenho Novo;2;1;0;51;1000.0;514.0;16.0
Apartamento;Itanhangá;2;0;0;58;1000.0;476.0;32.0
Apartamento;Lins de Vasconcelos;2;1;0;70;1000.0;500.0;
Apartamento;Campo Grande;3;1;0;90;1000.0;320.0;
Apartamento;Engenho Novo;2;1;1;55;1100.0;478.0;15.0
Apartamento;Lins de Vasconcelos;2;0;0;70;1100.0;544.0;36.0
Apartamento;Santa Cruz;2;1;0;58;650.0;250.0;
Apartamento;Taquara;3;1;1;74;950.0;671.0;15.0
Apartamento;Irajá;2;1;0;55;850.0;100.0;
Apartamento;Cachambi;2;0;0;100;900.0;101.0;
Apartamento;Olaria;2;0;0;57;900.0;;
Apartamento;Piedade;2;0;0;65;1000.0;150.0;
Apartamento;Abolição;2;0;0;50;1000.0;250.0;
Apartamento;Campo Grande;2;1;0;54;650.0;250.0;
Apartamento;Lins de Vasconcelos;2;1;0;57;750.0;511.0;13.0
Apartamento;Taquara;2;1;0;53;950.0;360.0;
Apartamento;Tomás Coelho;2;1;0;50;1100.0;;
Apartamento;Curicica;2;1;0;51;1100.0;110.0;
Apartamento;Quintino Bocaiúva;2;1;0;60;1100.0;130.0;
Apartamento;Pechincha;2;1;1;60;1100.0;550.0;40.0
Apartamento;Bonsucesso;2;0;0;60;1000.0;110.0;39.0
Apartamento;Cachambi;3;1;0;55;800.0;480.0;36.0
Apartamento;Cordovil;2;0;0;55;800.0;210.0;
Apartamento;Campo Grande;2;0;0;50;600.0;;
Apartamento;Campo Grande;2;1;0;45;570.0;260.0;
Apartamento;Campo Grande;2;0;0;30;550.0;;
Apartamento;Praça Seca;2;0;0;60;850.0;480.0;
Apartamento;Rocha Miranda;2;0;0;80;800.0;;
Apartamento;Penha Circular;2;0;0;60;750.0;100.0;
Apartamento;Piedade;2;0;0;50;900.0;256.0;15.0
Apartamento;Freguesia (Jacarepaguá);3;1;1;93;1190.0;930.0;
Apartamento;Rio Comprido;3;0;0;75;1000.0;300.0;33.0
Apartamento;Vaz Lobo;3;1;0;70;850.0;360.0;
Apartamento;Penha;2;0;0;55;1000.0;307.0;27.0
Apartamento;Engenho Novo;2;1;0;75;1000.0;303.0;17.0
Apartamento;Taquara;2;1;0;46;1100.0;488.0;14.0
Apartamento;Higienópolis;2;0;0;52;800.0;200.0;
Apartamento;Senador Vasconcelos;2;1;1;60;850.0;180.0;
Apartamento;Rocha Miranda;2;0;0;70;750.0;;
Apartamento;Engenho Novo;2;0;0;46;800.0;410.0;17.0
Apartamento;Bonsucesso;2;0;0;90;1100.0;90.0;
Apartamento;Taquara;2;1;0;58;1100.0;260.0;13.0
Apartamento;Praça Seca;2;1;1;61;1100.0;446.0;
Apartamento;Cachambi;2;1;1;65;740.0;540.0;35.0
Apartamento;Campo Grande;3;0;0;50;1000.0;302.0;
Apartamento;Curicica;2;1;2;61;1000.0;689.0;
Apartamento;Praça Seca;2;1;0;60;1000.0;395.0;
Apartamento;Taquara;2;0;0;52;900.0;508.0;14.0
Apartamento;Cachambi;2;0;0;86;1100.0;370.0;12.0
Apartamento;Méier;2;0;0;70;950.0;500.0;
Apartamento;Engenho Novo;2;1;0;52;1100.0;414.0;
Apartamento;Vila Kosmos;2;1;0;63;1000.0;324.0;
Apartamento;Vigário Geral;2;1;0;49;700.0;90.0;
Apartamento;Engenho de Dentro;2;1;0;60;980.0;500.0;20.0
Apartamento;Campo Grande;2;1;0;50;750.0;260.0;
Apartamento;Guaratiba;2;1;0;51;600.0;224.0;
Apartamento;Campo Grande;2;1;0;55;800.0;;2.0
Apartamento;Praça Seca;2;1;0;74;600.0;250.0;16.0
Apartamento;Vicente de Carvalho;2;0;0;56;750.0;90.0;
Apartamento;Cachambi;2;0;0;65;850.0;360.0;36.0
Apartamento;Campo Grande;2;0;0;75;990.0;;
Apartamento;Anchieta;2;1;0;60;700.0;;
Apartamento;Vila Isabel;2;0;0;64;1100.0;531.0;21.0
Apartamento;Del Castilho;2;1;1;52;1150.0;481.0;
Apartamento;Pechincha;2;1;0;63;800.0;456.0;36.0
Apartamento;Méier;3;1;1;83;1000.0;836.0;95.0
Apartamento;Tanque;2;1;0;56;900.0;589.0;14.0
Apartamento;Madureira;2;0;0;42;650.0;373.0;
Apartamento;Tanque;2;1;1;60;1100.0;660.0;41.0
Apartamento;Curicica;2;1;0;49;1000.0;150.0;
Apartamento;Maracanã;2;0;0;40;800.0;176.0;81.0
Apartamento;Freguesia (Jacarepaguá);2;1;0;55;800.0;570.0;162.0
Apartamento;Tanque;2;0;0;140;800.0;;28.0
Apartamento;Pechincha;2;1;0;75;800.0;485.0;
Apartamento;Catumbi;2;1;0;53;650.0;502.0;
Apartamento;São Francisco Xavier;2;0;0;58;1000.0;190.0;
Apartamento;Campo Grande;2;0;0;70;750.0;;
Apartamento;Cosmos;2;1;0;42;800.0;260.0;
Apartamento;Campo Grande;2;1;0;55;600.0;196.0;
Apartamento;Engenho Novo;2;1;1;68;700.0;765.0;14.0
Apartamento;Freguesia (Jacarepaguá);2;1;1;86;1150.0;790.0;598.0
Apartamento;Pavuna;2;0;0;50;650.0;350.0;
Apartamento;Penha;2;0;0;65;1000.0;142.0;
Apartamento;Guadalupe;2;0;0;70;800.0;;
Apartamento;Grajaú;2;0;0;64;1100.0;613.0;
Apartamento;Méier;2;0;0;40;950.0;297.0;14.0
Apartamento;Quintino Bocaiúva;2;0;0;90;1000.0;500.0;26.0
Apartamento;Campo Grande;2;1;0;55;850.0;;
Apartamento;Piedade;2;1;0;55;900.0;;
Apartamento;Engenho de Dentro;2;1;0;46;800.0;503.0;135.0
Apartamento;Freguesia (Jacarepaguá);2;1;0;55;800.0;307.0;14.0
Apartamento;Campo Grande;2;1;1;58;600.0;300.0;
Apartamento;Engenho Novo;2;2;0;59;1100.0;273.0;
Apartamento;Campinho;2;1;0;45;850.0;250.0;
Apartamento;Cachambi;2;1;0;65;1000.0;800.0;15.0
Apartamento;Freguesia (Jacarepaguá);2;1;0;56;970.0;506.0;13.0
Apartamento;Bonsucesso;2;0;0;60;1100.0;270.0;
Apartamento;Penha;2;1;0;60;800.0;280.0;
Apartamento;Curicica;2;1;0;63;1100.0;400.0;20.0
Apartamento;Taquara;3;2;1;130;1000.0;700.0;138.0
Apartamento;Campo Grande;2;1;0;45;600.0;246.0;
Apartamento;Vila Isabel;2;0;0;71;900.0;480.0;
Apartamento;Campo Grande;2;1;0;46;650.0;306.0;
Apartamento;Freguesia (Jacarepaguá);2;1;1;65;1100.0;786.0;
Apartamento;Jacaré;2;0;0;83;1000.0;250.0;25.0
Apartamento;Todos os Santos;2;1;0;60;1100.0;180.0;
Apartamento;Anchieta;2;0;0;84;850.0;79.0;
Apartamento;Lins de Vasconcelos;2;0;0;62;700.0;;
Apartamento;Engenho Novo;2;0;2;55;800.0;340.0;24.0
Apartamento;Lins de Vasconcelos;2;1;1;51;900.0;600.0;350.0
Apartamento;Campo Grande;2;0;0;65;700.0;220.0;
Apartamento;Campo Grande;2;1;0;47;1000.0;247.0;
Apartamento;Praça Seca;2;2;1;165;1000.0;1100.0;1914.0
Apartamento;Rocha;3;1;0;73;1100.0;520.0;15.0
Apartamento;Campo Grande;2;1;0;65;700.0;260.0;
Apartamento;Todos os Santos;3;1;0;70;1000.0;600.0;
Apartamento;Cocotá;2;0;0;60;950.0;200.0;
Apartamento;Engenho de Dentro;2;1;1;65;1100.0;480.0;125.0
Apartamento;Inhaúma;2;0;0;60;1000.0;220.0;
Apartamento;Grajaú;2;1;1;86;1000.0;820.0;96.0
Apartamento;Taquara;2;1;1;54;1000.0;472.0;62.0
Apartamento;Higienópolis;3;0;0;70;900.0;180.0;
Apartamento;Honório Gurgel;2;1;0;50;600.0;217.0;
Apartamento;Penha;3;0;1;110;850.0;920.0;
Apartamento;Campo Grande;2;1;1;70;1100.0;650.0;
Apartamento;Vargem Pequena;3;1;0;60;950.0;390.0;40.0
Apartamento;Cachambi;2;1;1;60;1100.0;426.0;50.0
Apartamento;Cachambi;2;1;0;58;1100.0;490.0;39.0
Apartamento;Campo Grande;2;0;0;50;650.0;300.0;
Apartamento;Pechincha;2;1;0;48;1100.0;360.0;135.0
Apartamento;Benfica;2;0;0;52;1000.0;;15.0
Apartamento;Méier;2;0;0;62;1100.0;500.0;37.0
Apartamento;Realengo;2;0;0;73;900.0;;
Apartamento;Méier;2;1;0;70;900.0;671.0;11.0
Apartamento;Braz de Pina;2;0;0;45;990.0;374.0;
Apartamento;Engenho da Rainha;2;1;0;70;1000.0;285.0;
Apartamento;Vila da Penha;2;1;0;78;1100.0;190.0;
Apartamento;Praça Seca;2;1;1;64;1100.0;504.0;
Apartamento;Olaria;2;0;0;66;780.0;344.0;
Apartamento;Todos os Santos;2;1;1;52;1100.0;420.0;140.0
Apartamento;Jacaré;2;0;0;50;900.0;;
Apartamento;Engenho de Dentro;2;1;0;50;1100.0;483.0;17.0
Apartamento;Madureira;2;1;0;60;950.0;200.0;
Apartamento;Pechincha;2;1;1;65;1100.0;755.0;
Apartamento;Tanque;2;0;0;57;850.0;643.0;
Apartamento;Penha;2;0;0;80;900.0;;
Apartamento;Pavuna;2;0;0;50;530.0;300.0;
Apartamento;Água Santa;3;0;0;55;1000.0;715.0;
Apartamento;Olaria;3;1;1;80;1000.0;678.0;30.0
Apartamento;Engenho Novo;3;1;0;98;1100.0;800.0;100.0
Apartamento;Honório Gurgel;2;0;0;50;700.0;220.0;
Apartamento;Pechincha;2;1;1;60;1100.0;480.0;180.0
Apartamento;Campo Grande;2;0;0;53;700.0;300.0;30.0
Apartamento;Cachambi;2;1;0;58;1100.0;350.0;
Apartamento;Cachambi;2;0;0;54;850.0;360.0;
Apartamento;Itanhangá;2;0;0;53;1100.0;745.0;
Apartamento;Piedade;2;0;0;54;1100.0;;
Apartamento;Engenho de Dentro;2;0;0;51;900.0;515.0;114.0
Apartamento;Santíssimo;2;1;0;40;700.0;250.0;
Apartamento;Campo Grande;2;1;0;78;800.0;;
Apartamento;Freguesia (Jacarepaguá);2;0;0;46;1000.0;290.0;13.0
Apartamento;Vila da Penha;2;0;0;54;700.0;435.0;
Apartamento;Engenho Novo;2;1;1;176;880.0;900.0;153.0
Apartamento;Pechincha;2;1;0;59;1000.0;400.0;350.0
Apartamento;Andaraí;2;1;0;71;1000.0;360.0;25.0
Apartamento;Engenho Novo;2;0;0;50;900.0;250.0;
Apartamento;Campo Grande;2;1;0;50;750.0;230.0;
Apartamento;Campo Grande;2;0;0;75;1000.0;270.0;
Apartamento;Piedade;2;0;0;70;900.0;;
Apartamento;Vila Valqueire;2;0;0;70;850.0;100.0;42.0
Apartamento;Barra da Tijuca;2;1;0;70;1150.0;650.0;86.0
Apartamento;Vila Isabel;2;1;1;50;900.0;870.0;47.0
Apartamento;Quintino Bocaiúva;2;0;0;60;1000.0;70.0;
Apartamento;Méier;2;1;0;60;1000.0;580.0;150.0
Apartamento;Irajá;2;0;0;50;750.0;213.0;
Apartamento;Campo Grande;2;1;0;60;700.0;360.0;
Apartamento;Vista Alegre;2;0;0;85;1100.0;150.0;
Apartamento;Campo Grande;2;1;0;48;700.0;320.0;
Apartamento;Itanhangá;2;1;0;60;950.0;550.0;
Apartamento;Irajá;2;1;0;44;750.0;110.0;
Apartamento;Freguesia (Jacarepaguá);2;1;0;69;1100.0;800.0;517.0
Apartamento;Jacarepaguá;2;1;0;48;800.0;572.0;
Apartamento;Andaraí;3;1;2;66;800.0;620.0;25.0
Apartamento;Anil;3;1;0;65;850.0;430.0;
Apartamento;Campo Grande;3;1;0;90;1000.0;;
Apartamento;São Cristóvão;2;1;0;50;990.0;375.0;15.0
Apartamento;Engenho Novo;2;1;0;92;900.0;660.0;93.0
Apartamento;Rocha;2;1;0;68;1000.0;;
Apartamento;Freguesia (Jacarepaguá);2;1;0;75;1190.0;570.0;50.0
Apartamento;Curicica;2;1;0;44;1100.0;395.0;162.0
Apartamento;Pechincha;3;1;1;90;1150.0;837.0;116.0
Apartamento;Engenho da Rainha;2;1;0;52;700.0;576.0;
Apartamento;Rocha Miranda;2;1;0;55;1100.0;220.0;
Apartamento;Madureira;2;0;0;53;900.0;250.0;
Apartamento;Campo Grande;2;1;0;58;700.0;130.0;
Apartamento;Jacarepaguá;2;1;0;55;1000.0;480.0;52.0
Apartamento;Bonsucesso;2;0;0;57;1100.0;450.0;
Apartamento;Campo Grande;2;1;0;50;730.0;220.0;
Apartamento;Piedade;2;1;0;70;1000.0;150.0;135.0
Apartamento;Taquara;2;1;0;55;900.0;514.0;39.0
Apartamento;Padre Miguel;2;1;0;61;800.0;435.0;
Apartamento;Pavuna;2;1;0;44;600.0;363.0;
Apartamento;Cosmos;2;0;0;43;750.0;;
Apartamento;Senador Vasconcelos;2;1;0;65;650.0;220.0;
Apartamento;Anil;2;0;0;40;650.0;18.0;8.0
Apartamento;Senador Vasconcelos;2;0;0;60;700.0;;
Apartamento;Guaratiba;2;1;0;45;600.0;301.0;
Apartamento;Bento Ribeiro;2;1;0;56;700.0;544.0;
Apartamento;Quintino Bocaiúva;2;0;1;65;850.0;160.0;
Apartamento;Cachambi;2;1;0;70;1100.0;281.0;26.0
Apartamento;Barra da Tijuca;2;1;0;52;1100.0;640.0;102.0
Apartamento;Freguesia (Jacarepaguá);2;1;0;55;1000.0;330.0;37.0
Apartamento;Campo Grande;2;1;0;41;690.0;;
Apartamento;Encantado;2;1;0;60;1100.0;455.0;36.0
Apartamento;Méier;2;1;0;76;1000.0;715.0;60.0
Apartamento;Cascadura;2;1;0;58;800.0;235.0;
Apartamento;Freguesia (Jacarepaguá);2;1;0;88;1000.0;1125.0;90.0
Apartamento;Tijuca;2;0;0;60;1100.0;625.0;485.0
Apartamento;Realengo;2;1;0;50;800.0;605.0;
Apartamento;Campo Grande;3;0;0;52;800.0;300.0;
Apartamento;Méier;2;0;0;49;900.0;400.0;13.0
Apartamento;Campo Grande;3;0;0;60;800.0;230.0;
Apartamento;Engenho Novo;2;0;0;76;1000.0;170.0;17.0
Apartamento;Freguesia (Jacarepaguá);2;1;0;60;900.0;400.0;
Apartamento;Campo Grande;3;0;0;58;800.0;270.0;
Apartamento;Engenho da Rainha;2;1;0;55;1000.0;560.0;
Apartamento;Méier;2;0;0;64;1100.0;685.0;
Apartamento;Engenho Novo;2;1;0;60;1000.0;400.0;
Apartamento;Riachuelo;2;1;0;54;800.0;575.0;14.0
Apartamento;Méier;2;0;0;46;800.0;150.0;16.0
Apartamento;Campo Grande;2;0;0;55;800.0;60.0;
Apartamento;Tomás Coelho;2;0;0;80;1160.0;;
Apartamento;Vaz Lobo;2;0;0;65;600.0;350.0;1.0
Apartamento;Bonsucesso;2;0;0;64;1000.0;415.0;
Apartamento;Engenho de Dentro;2;1;0;65;1100.0;410.0;150.0
Apartamento;Taquara;2;1;0;62;900.0;260.0;
Apartamento;Ramos;3;0;0;80;1100.0;350.0;
Apartamento;Méier;2;1;0;60;1000.0;480.0;230.0
Apartamento;Quintino Bocaiúva;2;0;0;45;700.0;129.0;78.0
Apartamento;Cascadura;2;0;0;96;1150.0;;77.0
Apartamento;Curicica;2;1;0;62;1100.0;550.0;50.0
Apartamento;Campo Grande;2;1;1;50;950.0;;
Apartamento;Irajá;2;0;0;50;800.0;100.0;
Apartamento;Madureira;3;1;0;82;1100.0;550.0;28.0
Apartamento;Cachambi;2;1;0;60;900.0;550.0;
Apartamento;Campo Grande;2;1;0;65;700.0;240.0;
Apartamento;Jardim Guanabara;2;1;0;56;1000.0;363.0;20.0
Apartamento;Campo Grande;2;1;0;50;850.0;370.0;
Apartamento;Rocha;2;1;1;60;900.0;590.0;
Apartamento;Itanhangá;2;0;0;55;950.0;490.0;28.0
Apartamento;Pechincha;2;1;0;70;1100.0;500.0;
Apartamento;Itanhangá;2;1;0;60;950.0;522.0;80.0
Apartamento;Jacarepaguá;2;1;0;46;900.0;280.0;
Apartamento;Taquara;2;1;0;50;900.0;450.0;14.0
Apartamento;Taquara;2;0;0;41;900.0;230.0;
Apartamento;Taquara;2;0;0;50;900.0;451.0;
Apartamento;Del Castilho;2;1;0;100;890.0;340.0;
Apartamento;Piedade;2;0;0;73;990.0;255.0;
Apartamento;Méier;2;0;0;67;1100.0;538.0;13.0
Apartamento;Realengo;2;0;0;60;550.0;247.0;
Apartamento;Piedade;2;1;0;50;1000.0;150.0;
Apartamento;Campo Grande;2;1;1;65;700.0;450.0;
Apartamento;Riachuelo;2;1;0;60;950.0;450.0;15.0
Apartamento;Realengo;2;0;0;55;800.0;;
Apartamento;Olaria;2;0;0;62;700.0;230.0;
Apartamento;Higienópolis;2;1;0;88;1100.0;400.0;44.0
Apartamento;Riachuelo;3;0;0;99;980.0;425.0;13.0
Apartamento;Benfica;2;1;0;55;1000.0;283.0;13.0
Apartamento;Vicente de Carvalho;2;1;0;50;1100.0;300.0;
Apartamento;Oswaldo Cruz;2;0;0;50;650.0;60.0;
Apartamento;Taquara;2;1;0;50;1000.0;400.0;135.0
Apartamento;Vista Alegre;2;0;0;60;880.0;100.0;
Apartamento;Itanhangá;2;0;0;56;900.0;648.0;27.0
Apartamento;Jardim América;2;0;0;70;750.0;;
Apartamento;Senador Vasconcelos;2;1;0;56;650.0;260.0;
Apartamento;Campo Grande;3;1;0;50;1100.0;300.0;
Apartamento;Pechincha;2;0;0;60;800.0;240.0;
Apartamento;Tijuca;2;0;0;60;900.0;456.0;20.0
Apartamento;Méier;3;0;0;75;1000.0;210.0;15.0
Apartamento;Praça Seca;2;1;1;66;950.0;640.0;74.0
Apartamento;Cachambi;2;0;0;60;900.0;130.0;14.0
Apartamento;Vila da Penha;2;0;0;65;950.0;;
Apartamento;Gardênia Azul;2;0;0;38;800.0;;
Apartamento;Bangu;2;1;0;56;1000.0;370.0;
Apartamento;Freguesia (Jacarepaguá);2;1;0;62;900.0;575.0;14.0
Apartamento;Praça Seca;2;0;0;70;700.0;116.0;
Apartamento;Campo Grande;2;1;0;60;600.0;194.0;
Apartamento;Campo Grande;2;1;0;45;600.0;220.0;
Apartamento;Penha;3;0;0;88;1100.0;130.0;
Apartamento;Irajá;2;1;0;58;1100.0;245.0;
Apartamento;Barra da Tijuca;2;1;2;77;1000.0;1104.0;72.0
Apartamento;Méier;2;0;0;45;1000.0;500.0;
Apartamento;Campo Grande;2;0;0;41;950.0;345.0;
Apartamento;Tijuca;2;1;0;64;1150.0;695.0;60.0
Apartamento;Grajaú;2;0;0;47;1150.0;454.0;
Apartamento;Taquara;2;1;0;52;900.0;526.0;38.0
Apartamento;Campo Grande;2;1;0;45;900.0;305.0;
Apartamento;Riachuelo;2;0;0;73;900.0;350.0;17.0
Apartamento;Tomás Coelho;2;1;0;48;800.0;223.0;
Apartamento;Sampaio;2;1;0;76;1100.0;650.0;13.0
Apartamento;Méier;2;1;0;65;1000.0;300.0;13.0
Apartamento;Praça Seca;2;1;0;74;700.0;250.0;13.0
Apartamento;Engenho Novo;2;1;0;67;700.0;551.0;35.0
Apartamento;Campo Grande;2;1;1;70;1100.0;460.0;
Apartamento;Campo Grande;2;1;0;60;590.0;413.0;
Apartamento;Penha Circular;2;0;0;70;930.0;120.0;30.0
Apartamento;Vila Valqueire;2;1;0;100;1000.0;300.0;13.0
Apartamento;Freguesia (Jacarepaguá);2;1;0;55;1000.0;330.0;37.0
Apartamento;Grajaú;2;0;0;50;1150.0;454.0;
Apartamento;Engenho Novo;3;0;0;95;900.0;250.0;15.0
Apartamento;Lins de Vasconcelos;2;1;0;60;1150.0;530.0;36.0
Apartamento;Méier;2;1;0;74;1100.0;550.0;700.0
Apartamento;Pechincha;2;1;0;60;900.0;280.0;10.0
Apartamento;Campo Grande;2;1;1;53;1100.0;370.0;
Apartamento;Irajá;2;0;0;42;800.0;238.0;
Apartamento;Vila da Penha;2;1;0;60;1000.0;150.0;
Apartamento;Olaria;2;0;0;54;900.0;250.0;
Apartamento;Méier;2;1;0;74;1000.0;564.0;13.0
Apartamento;Engenho de Dentro;2;1;0;60;1100.0;495.0;13.0
Apartamento;Engenho Novo;2;0;0;66;990.0;440.0;35.0
Apartamento;Santíssimo;2;1;0;55;650.0;100.0;
Apartamento;Méier;2;0;0;50;750.0;350.0;
Apartamento;Penha;2;1;0;120;850.0;400.0;
Apartamento;Pechincha;3;1;1;85;1000.0;982.0;1100.0
Apartamento;Vila Isabel;2;1;0;60;1150.0;444.0;
Apartamento;Sampaio;2;1;0;58;1100.0;160.0;
Apartamento;Vaz Lobo;2;0;0;70;600.0;202.0;
Apartamento;Pechincha;2;0;0;45;600.0;350.0;
Apartamento;Todos os Santos;2;0;0;50;900.0;;7.0
Apartamento;Taquara;2;1;0;65;850.0;700.0;
Apartamento;Praça Seca;2;0;0;58;800.0;350.0;
Apartamento;Taquara;3;1;0;60;800.0;459.0;20.0
Apartamento;Engenho Novo;3;0;0;50;1100.0;;
Apartamento;Pilares;2;0;0;60;500.0;280.0;20.0
Apartamento;Penha;2;0;0;90;700.0;180.0;
Apartamento;Praça Seca;2;1;0;47;750.0;252.0;13.0
Apartamento;Taquara;2;1;0;50;1100.0;570.0;13.0
Apartamento;Pilares;2;0;0;70;750.0;186.0;15.0
Apartamento;Guaratiba;2;1;0;55;600.0;250.0;
Apartamento;Engenho de Dentro;3;1;1;76;1100.0;617.0;135.0
Apartamento;Braz de Pina;2;0;0;80;900.0;332.0;
Apartamento;Cascadura;2;0;0;54;800.0;276.0;
Apartamento;Santa Cruz;2;1;0;59;690.0;110.0;
Apartamento;Pechincha;2;1;0;60;1000.0;390.0;356.0
Apartamento;Praça da Bandeira;2;0;1;103;1000.0;650.0;93.0
Apartamento;Campo Grande;2;2;0;48;700.0;;
Apartamento;Recreio dos Bandeirantes;3;1;2;90;1100.0;1100.0;
Apartamento;Campo Grande;2;0;0;50;650.0;345.0;
Apartamento;Ramos;2;0;0;54;900.0;;
Apartamento;Freguesia (Jacarepaguá);2;1;1;84;1100.0;1004.0;782.0
Apartamento;Bonsucesso;2;1;0;55;1000.0;250.0;
Apartamento;Parada de Lucas;2;0;0;78;790.0;;
Apartamento;Bonsucesso;2;0;0;70;950.0;465.0;
Apartamento;Freguesia (Jacarepaguá);2;0;0;46;900.0;319.0;14.0
Apartamento;Realengo;2;0;0;75;750.0;;
Apartamento;Engenho Novo;2;0;0;54;800.0;340.0;
Apartamento;Campo Grande;2;1;0;50;900.0;305.0;
Apartamento;Riachuelo;2;1;0;68;700.0;550.0;
Apartamento;Taquara;2;1;0;50;850.0;170.0;
Apartamento;Anil;3;0;0;56;850.0;477.0;
Apartamento;Taquara;2;1;0;53;850.0;420.0;13.0
Apartamento;Freguesia (Jacarepaguá);2;0;0;60;900.0;550.0;15.0
Apartamento;Campo Grande;2;1;0;55;500.0;360.0;
Apartamento;Engenho Novo;2;1;0;115;950.0;850.0;125.0
Apartamento;Grajaú;2;1;0;63;1000.0;730.0;120.0
Apartamento;Méier;2;0;0;75;1100.0;300.0;16.0
Apartamento;Méier;3;1;0;62;1080.0;529.0;16.0
Apartamento;Irajá;2;0;0;66;1100.0;200.0;
Apartamento;Anchieta;2;0;0;110;600.0;;
Apartamento;Penha Circular;3;0;0;67;900.0;250.0;
Apartamento;Santíssimo;2;1;0;45;600.0;;
Apartamento;Curicica;2;1;0;47;1100.0;500.0;50.0
Apartamento;Pechincha;2;1;1;54;1100.0;545.0;36.0
Apartamento;Pechincha;2;1;0;59;900.0;457.0;151.0
Apartamento;Campo Grande;2;0;1;53;1100.0;375.0;
Apartamento;Jabour;2;1;0;71;780.0;470.0;
Apartamento;Curicica;2;1;0;46;1000.0;469.0;
Apartamento;Camorim;3;1;0;58;800.0;300.0;
Apartamento;Vila Valqueire;2;1;0;67;1100.0;22.0;
Apartamento;Vila Isabel;2;1;0;60;1000.0;588.0;
Apartamento;Braz de Pina;2;0;0;60;800.0;;
Apartamento;Tomás Coelho;2;0;0;55;660.0;250.0;
Apartamento;Tomás Coelho;2;1;0;50;800.0;230.0;
Apartamento;Vila Valqueire;2;1;1;85;1100.0;315.0;
Apartamento;Jardim Sulacap;2;1;0;70;1100.0;400.0;40.0
Apartamento;Cachambi;2;0;0;65;950.0;496.0;
Apartamento;Ilha do Governador;2;1;0;87;1150.0;630.0;149.0
Apartamento;Rio Comprido;2;0;0;80;1100.0;365.0;15.0
Apartamento;Freguesia (Jacarepaguá);2;1;0;48;850.0;465.0;16.0
Apartamento;Inhaúma;2;0;0;40;900.0;90.0;
Apartamento;Campo Grande;2;1;0;49;700.0;250.0;
Apartamento;Vila da Penha;2;1;0;60;1100.0;330.0;
Apartamento;Tomás Coelho;2;1;0;43;700.0;250.0;
Apartamento;Freguesia (Jacarepaguá);2;1;0;52;1000.0;423.0;16.0
Apartamento;Engenho de Dentro;2;1;1;47;900.0;550.0;35.0
Apartamento;Tijuca;2;0;0;45;1000.0;304.0;24.0
Apartamento;Taquara;2;1;0;37;700.0;320.0;
Apartamento;Engenho Novo;2;0;0;46;900.0;320.0;13.0
Apartamento;Todos os Santos;3;0;0;70;1000.0;340.0;15.0
Apartamento;Bento Ribeiro;2;1;0;53;900.0;510.0;
Apartamento;Campinho;2;0;0;50;850.0;300.0;
Apartamento;Freguesia (Jacarepaguá);2;1;0;48;1150.0;371.0;
Apartamento;Madureira;2;0;0;62;650.0;343.0;
Apartamento;Barra da Tijuca;2;1;0;50;1150.0;490.0;
Apartamento;Engenho Novo;2;0;0;60;800.0;310.0;17.0
Apartamento;Tanque;2;0;0;60;1100.0;435.0;
Apartamento;Higienópolis;2;0;0;89;1000.0;;39.0
Apartamento;Pechincha;2;1;0;58;800.0;645.0;
Apartamento;Pavuna;2;1;0;50;600.0;275.0;
Apartamento;Encantado;2;0;0;70;700.0;395.0;16.0
Apartamento;Campo Grande;2;1;0;67;700.0;270.0;
Apartamento;Usina;2;1;0;90;1100.0;900.0;820.0
Apartamento;Piedade;3;1;0;80;900.0;300.0;
Apartamento;Campo Grande;2;1;0;55;800.0;;
Apartamento;Rocha;2;1;0;68;1000.0;;
Apartamento;Alto da Boa Vista;3;1;1;150;1000.0;1630.0;
Apartamento;Gamboa;2;1;0;61;1100.0;401.0;
Apartamento;Praça Seca;2;0;0;88;800.0;555.0;63.0
Apartamento;Cachambi;2;0;0;64;1100.0;690.0;12.0
Apartamento;Cachambi;2;0;0;70;900.0;246.0;17.0
Apartamento;Taquara;2;1;1;85;1000.0;720.0;120.0
Apartamento;Madureira;2;0;0;50;630.0;290.0;
Apartamento;Todos os Santos;2;1;0;63;1000.0;472.0;
Apartamento;Honório Gurgel;2;1;1;60;700.0;200.0;
Apartamento;Turiaçu;2;0;0;50;650.0;86.0;
Apartamento;Engenho Novo;2;1;0;78;750.0;902.0;42.0
Apartamento;Taquara;2;1;0;39;1000.0;362.0;13.0
Apartamento;Vila da Penha;2;0;0;63;1000.0;250.0;
Apartamento;Taquara;2;1;1;60;850.0;521.0;
Apartamento;Barra da Tijuca;2;1;0;53;1000.0;659.0;
Apartamento;Rocha;2;1;0;71;1000.0;338.0;
Apartamento;Maracanã;2;0;0;58;1150.0;150.0;
Apartamento;Pechincha;2;1;1;62;800.0;622.0;84.0
Apartamento;Lins de Vasconcelos;2;1;0;75;800.0;570.0;
Apartamento;Praça Seca;2;0;0;68;680.0;250.0;
Apartamento;Água Santa;2;0;0;60;850.0;120.0;13.0
Apartamento;Barra da Tijuca;2;1;1;78;1100.0;970.0;1.0
Apartamento;Campo Grande;2;1;0;48;550.0;292.0;
Apartamento;Água Santa;2;0;0;85;850.0;;
Apartamento;Freguesia (Jacarepaguá);2;1;0;64;1000.0;540.0;60.0
Apartamento;Pechincha;2;0;0;80;1000.0;;
Apartamento;Campo Grande;2;1;0;55;800.0;;2.0
Apartamento;Campo Grande;2;0;0;65;500.0;;
Apartamento;Campo Grande;2;1;0;45;500.0;250.0;
Apartamento;Méier;2;1;0;60;1000.0;510.0;14.0
Apartamento;Vigário Geral;3;0;0;80;800.0;260.0;
Apartamento;Pedra de Guaratiba;3;0;0;60;900.0;370.0;
Apartamento;Tijuca;2;0;0;59;1100.0;514.0;50.0
Apartamento;Taquara;2;1;0;80;1100.0;650.0;50.0
Apartamento;Portuguesa;2;1;0;43;1000.0;240.0;25.0
Apartamento;Piedade;2;1;0;46;700.0;502.0;
Apartamento;Taquara;3;1;0;89;900.0;598.0;
Apartamento;Camorim;2;1;0;54;1100.0;324.0;
Apartamento;Camorim;2;1;0;52;900.0;320.0;120.0
Apartamento;Ramos;2;0;0;65;900.0;230.0;27.0
Apartamento;Bento Ribeiro;2;0;0;60;950.0;35.0;
Apartamento;Madureira;2;1;0;44;750.0;360.0;
Apartamento;Vila da Penha;3;0;0;52;900.0;;
Apartamento;Vila Isabel;2;0;0;64;900.0;531.0;25.0
Apartamento;Água Santa;2;0;0;83;950.0;150.0;37.0
Apartamento;Praça Seca;2;1;0;80;1000.0;390.0;20.0
Apartamento;Campo Grande;2;1;0;60;500.0;190.0;
Apartamento;Vila da Penha;2;0;0;53;1100.0;250.0;
Apartamento;Praça Seca;3;1;0;80;800.0;130.0;
Apartamento;Del Castilho;2;0;0;48;750.0;35.0;
Apartamento;Pechincha;2;1;0;50;900.0;460.0;
Apartamento;Andaraí;2;0;0;70;1000.0;550.0;68.0
Apartamento;Tijuca;3;1;1;116;1000.0;814.0;121.0
Apartamento;Engenho Novo;2;0;0;60;1100.0;175.0;
Apartamento;Tijuca;2;1;0;64;1150.0;695.0;
Apartamento;Praça Seca;2;1;1;60;700.0;538.0;
Apartamento;Portuguesa;2;1;0;50;1100.0;330.0;25.0
Apartamento;Cavalcanti;3;0;0;50;800.0;;19.0
Apartamento;Grajaú;2;0;0;51;1100.0;487.0;20.0
Apartamento;Rocha;3;0;0;72;1100.0;200.0;14.0
Apartamento;Rio Comprido;2;0;0;65;1000.0;450.0;25.0
Apartamento;Freguesia (Jacarepaguá);2;0;0;50;1000.0;265.0;17.0
Apartamento;Realengo;2;0;0;49;900.0;68.0;
Apartamento;Vargem Pequena;3;1;0;80;890.0;400.0;13.0
Apartamento;Recreio dos Bandeirantes;3;1;2;87;1150.0;1008.0;
Apartamento;São Cristóvão;2;0;0;61;1100.0;230.0;
Apartamento;Irajá;2;1;0;69;1100.0;370.0;
Apartamento;Pedra de Guaratiba;2;1;0;70;800.0;35.0;
Apartamento;Lins de Vasconcelos;2;1;0;50;700.0;297.0;14.0
Apartamento;Rocha Miranda;3;0;0;65;550.0;295.0;
Apartamento;Campo Grande;2;1;0;65;450.0;220.0;
Apartamento;Abolição;2;0;0;43;800.0;341.0;14.0
Apartamento;Água Santa;2;1;0;50;800.0;310.0;
Apartamento;Pechincha;2;1;0;46;900.0;420.0;19.0
Apartamento;Campo Grande;2;1;0;60;750.0;350.0;
Apartamento;Pechincha;2;0;0;48;700.0;305.0;16.0
Apartamento;Campo Grande;3;1;0;70;900.0;370.0;
Apartamento;Freguesia (Jacarepaguá);3;1;0;113;800.0;1530.0;
Apartamento;Piedade;2;1;1;50;1000.0;310.0;15.0
Apartamento;Campo Grande;2;1;1;65;1000.0;450.0;
Apartamento;Engenho Novo;2;1;0;60;800.0;545.0;14.0
Apartamento;Taquara;2;1;0;57;1000.0;300.0;
Apartamento;Cachambi;2;1;0;50;900.0;490.0;16.0
Apartamento;Madureira;2;0;0;50;850.0;357.0;
Apartamento;Campo Grande;2;1;0;50;1000.0;340.0;
Apartamento;Campo Grande;2;1;0;48;650.0;267.0;
Apartamento;Vila da Penha;2;0;0;80;900.0;332.0;
Apartamento;Irajá;2;2;0;68;1000.0;370.0;
Apartamento;Recreio dos Bandeirantes;2;2;1;80;1000.0;950.0;100.0
Apartamento;Barra da Tijuca;2;1;1;73;1100.0;1239.0;149.0
Apartamento;Quintino Bocaiúva;2;0;0;75;900.0;172.0;
Apartamento;Freguesia (Jacarepaguá);3;1;1;85;1000.0;774.0;
Apartamento;Praça Seca;2;1;0;64;1000.0;476.0;356.0
Apartamento;Engenho Novo;2;1;0;90;850.0;535.0;60.0
Apartamento;Praça Seca;2;0;0;50;600.0;370.0;
Apartamento;São Francisco Xavier;2;0;0;68;900.0;356.0;37.0
Apartamento;Ramos;2;1;0;75;1000.0;495.0;
Apartamento;Taquara;3;1;0;70;1000.0;322.0;12.0
Apartamento;Grajaú;2;1;0;53;1000.0;665.0;20.0
Apartamento;São Cristóvão;2;0;0;48;1050.0;330.0;
Apartamento;Engenho da Rainha;2;0;0;56;800.0;360.0;
Apartamento;Pechincha;2;1;0;54;1100.0;370.0;22.0
Apartamento;Riachuelo;2;1;0;54;700.0;575.0;14.0
Apartamento;Realengo;2;1;0;50;700.0;50.0;
Apartamento;Cachambi;2;0;0;80;1100.0;440.0;13.0
Apartamento;Campo Grande;2;1;0;47;850.0;350.0;
Apartamento;Taquara;2;1;0;49;1000.0;500.0;140.0
Apartamento;Campo Grande;2;0;1;50;1000.0;300.0;
Apartamento;Campo Grande;2;1;0;48;500.0;320.0;2.0
Apartamento;Vila Isabel;2;0;1;90;900.0;200.0;45.0
Apartamento;Rocha;2;1;0;51;750.0;624.0;16.0
Apartamento;Campo Grande;2;1;0;45;500.0;220.0;
Apartamento;Campo Grande;3;0;0;68;800.0;270.0;
Apartamento;Campo Grande;2;1;0;50;600.0;200.0;
Apartamento;Lins de Vasconcelos;3;1;0;82;1000.0;580.0;
Apartamento;Senador Vasconcelos;2;1;1;60;1000.0;;
Apartamento;Campo Grande;2;1;0;48;750.0;;
Apartamento;Irajá;2;0;0;43;600.0;235.0;
Apartamento;Jacarepaguá;2;1;0;48;900.0;300.0;11.0
Apartamento;Méier;3;1;0;78;1000.0;650.0;700.0
Apartamento;Freguesia (Jacarepaguá);2;1;0;60;850.0;912.0;148.0
Apartamento;Camorim;3;1;0;68;1100.0;418.0;35.0
Apartamento;Jardim Guanabara;2;1;0;87;1150.0;570.0;
Apartamento;Jacarepaguá;2;1;0;50;800.0;490.0;39.0
Apartamento;São Francisco Xavier;2;1;1;64;1100.0;623.0;55.0
Apartamento;Cascadura;2;1;0;65;780.0;452.0;
Apartamento;Barra da Tijuca;2;1;1;55;1100.0;850.0;140.0
Apartamento;Cachambi;2;0;0;74;900.0;295.0;13.0
Apartamento;Campo Grande;2;0;0;60;1100.0;300.0;
Apartamento;Cosmos;2;1;0;65;600.0;225.0;
Apartamento;Bonsucesso;2;0;0;49;850.0;250.0;
Apartamento;Bonsucesso;2;0;0;75;800.0;409.0;
Apartamento;Olaria;2;0;0;80;800.0;275.0;
Apartamento;Jacarepaguá;2;1;0;50;850.0;300.0;13.0
Apartamento;Méier;2;1;0;72;1100.0;300.0;
Apartamento;Maria da Graça;3;0;0;98;1100.0;;
Apartamento;Higienópolis;2;0;0;80;1050.0;;
Apartamento;Vista Alegre;2;1;0;63;1050.0;295.0;
Apartamento;Campo Grande;2;2;0;42;740.0;260.0;
Apartamento;Jacaré;2;0;0;120;1100.0;450.0;
Apartamento;Pedra de Guaratiba;2;1;0;69;650.0;;
Apartamento;Vicente de Carvalho;2;0;0;60;900.0;270.0;
Apartamento;Tijuca;2;1;0;64;1150.0;695.0;
Apartamento;Cachambi;2;0;0;58;900.0;600.0;36.0
Apartamento;Pechincha;2;1;0;45;1100.0;250.0;
Apartamento;Maracanã;2;0;0;59;800.0;725.0;47.0
Apartamento;Pechincha;2;1;1;65;1000.0;557.0;627.0
Apartamento;Higienópolis;2;0;0;52;800.0;200.0;
Apartamento;Campo Grande;2;0;0;46;780.0;70.0;
Apartamento;Turiaçu;2;0;0;50;650.0;45.0;
Apartamento;Méier;3;1;0;82;1000.0;628.0;61.0
Apartamento;Pechincha;2;1;1;65;1000.0;620.0;79.0
Apartamento;Cachambi;2;1;0;70;1100.0;573.0;17.0
Apartamento;Praça Seca;2;1;0;86;800.0;726.0;68.0
Apartamento;Cavalcanti;3;1;0;62;590.0;256.0;
Apartamento;Curicica;2;1;0;50;1100.0;400.0;
Apartamento;Encantado;2;1;0;55;850.0;295.0;15.0
Apartamento;Campo Grande;3;0;0;58;850.0;290.0;
Apartamento;Praça Seca;2;1;0;60;1150.0;550.0;1.0
Apartamento;Engenho da Rainha;2;2;0;84;900.0;530.0;
Apartamento;Campo Grande;3;1;1;90;850.0;;
Apartamento;Campo Grande;2;0;0;50;700.0;;
Apartamento;Grajaú;3;1;0;95;1000.0;924.0;98.0
Apartamento;Cachambi;3;0;0;61;900.0;360.0;16.0
Apartamento;Engenho Novo;2;1;0;50;900.0;250.0;18.0
Apartamento;São Cristóvão;2;0;0;58;900.0;591.0;
Apartamento;Campo Grande;2;1;0;53;700.0;130.0;
Apartamento;Cosmos;2;0;0;45;500.0;200.0;
Apartamento;Tijuca;2;0;0;73;1000.0;380.0;61.0
Apartamento;Cachambi;2;1;0;80;1150.0;600.0;
Apartamento;Méier;2;1;0;80;1100.0;745.0;81.0
Apartamento;Praça Seca;2;0;0;90;500.0;258.0;13.0
Apartamento;Campo Grande;2;0;0;60;800.0;;
Apartamento;Pechincha;2;1;0;46;800.0;240.0;
Apartamento;Vila Isabel;2;0;0;63;1100.0;650.0;20.0
Apartamento;Taquara;2;1;0;55;1000.0;450.0;
Apartamento;Vila Kosmos;2;0;0;54;850.0;80.0;
Apartamento;Braz de Pina;2;0;0;40;990.0;374.0;
Apartamento;Irajá;2;1;0;75;1000.0;200.0;
Apartamento;Vargem Grande;2;1;1;66;1000.0;479.0;27.0
Apartamento;Praça Seca;2;1;0;60;800.0;180.0;15.0
Apartamento;Méier;2;0;0;67;750.0;378.0;14.0
Apartamento;Grajaú;3;0;0;67;1150.0;500.0;19.0
Apartamento;Campo Grande;2;0;0;51;800.0;70.0;
Apartamento;Praça Seca;2;1;1;60;900.0;568.0;
Apartamento;Vila da Penha;3;1;0;60;1100.0;230.0;
Apartamento;Campo Grande;2;1;0;54;1000.0;;
Apartamento;Cosmos;2;1;0;50;600.0;200.0;
Apartamento;Santo Cristo;2;0;0;69;900.0;205.0;
Apartamento;Braz de Pina;2;0;0;90;1100.0;100.0;
Apartamento;Irajá;2;0;0;40;1150.0;;
Apartamento;Freguesia (Jacarepaguá);2;0;0;54;1000.0;502.0;
Apartamento;Barra da Tijuca;2;1;0;58;1000.0;698.0;
Apartamento;Rocha Miranda;2;1;0;46;900.0;260.0;
Apartamento;Bangu;2;1;0;65;900.0;;100.0
Apartamento;Méier;2;0;0;64;800.0;690.0;13.0
Apartamento;Campo Grande;2;1;0;47;800.0;;
Apartamento;Andaraí;2;0;0;65;1000.0;424.0;
Apartamento;Bangu;2;0;0;60;800.0;;
Apartamento;Abolição;2;1;0;44;900.0;560.0;15.0
Apartamento;Freguesia (Jacarepaguá);2;0;0;50;1100.0;320.0;14.0
Apartamento;Pechincha;2;1;0;66;1100.0;532.0;
Apartamento;Cascadura;3;2;0;70;1100.0;340.0;10.0
Apartamento;Praça Seca;3;0;0;80;1000.0;180.0;13.0
Apartamento;Jacarepaguá;2;1;0;58;1100.0;450.0;
Apartamento;Bonsucesso;2;0;0;60;1000.0;470.0;
Apartamento;Méier;2;1;0;68;890.0;300.0;
Apartamento;Freguesia (Jacarepaguá);2;0;0;50;900.0;350.0;15.0
Apartamento;Todos os Santos;2;0;0;60;900.0;253.0;17.0
Apartamento;Campo Grande;2;1;1;70;1000.0;400.0;
Apartamento;Campo Grande;2;1;0;57;800.0;110.0;
Apartamento;Rocha;2;0;0;72;1000.0;200.0;13.0
Apartamento;Campo Grande;2;1;0;74;800.0;600.0;
Apartamento;Cosmos;2;1;0;40;450.0;220.0;
Apartamento;Encantado;2;1;0;70;1100.0;;
Apartamento;Campo Grande;2;0;0;50;850.0;;
Apartamento;Campo Grande;2;0;0;48;500.0;290.0;
Apartamento;Cachambi;2;1;0;68;900.0;600.0;
Apartamento;Coelho Neto;2;0;0;48;700.0;80.0;
Apartamento;Jacarepaguá;2;1;0;50;950.0;305.0;
Apartamento;Taquara;2;1;0;52;1000.0;508.0;14.0
Apartamento;Engenho Novo;2;0;0;59;800.0;360.0;15.0
Apartamento;Madureira;2;1;0;75;800.0;315.0;70.0
Apartamento;Campo Grande;2;0;0;55;500.0;60.0;
Apartamento;Lins de Vasconcelos;3;1;1;84;1000.0;750.0;73.0
Apartamento;Cachambi;2;1;0;68;1000.0;600.0;
Apartamento;Rocha;2;0;0;65;1100.0;490.0;
Apartamento;Vila da Penha;3;1;1;65;1000.0;720.0;
Apartamento;Irajá;2;1;0;54;1100.0;450.0;60.0
Apartamento;Engenho da Rainha;2;0;0;40;785.0;65.0;
Apartamento;Campo Grande;3;1;0;45;1100.0;280.0;
Apartamento;Campo Grande;2;0;0;50;550.0;330.0;
Apartamento;Anil;2;1;0;47;900.0;400.0;36.0
Apartamento;Santo Cristo;2;0;0;70;1000.0;;
Apartamento;Engenho de Dentro;2;1;0;48;800.0;520.0;35.0
Apartamento;Cosmos;2;0;0;45;550.0;221.0;
Apartamento;Curicica;2;1;0;52;900.0;305.0;30.0
Apartamento;Curicica;2;1;0;47;1100.0;500.0;50.0
Apartamento;Pechincha;2;1;0;53;1100.0;600.0;135.0
Apartamento;Freguesia (Jacarepaguá);2;0;0;50;600.0;300.0;
Apartamento;Praça Seca;2;0;0;43;700.0;190.0;13.0
Apartamento;Água Santa;2;1;0;58;700.0;500.0;35.0
Apartamento;Méier;3;0;0;105;1100.0;200.0;
Apartamento;Pechincha;2;1;0;60;1100.0;606.0;14.0
Apartamento;Cascadura;2;1;0;62;1000.0;516.0;
Apartamento;Pechincha;2;1;0;50;1000.0;482.0;13.0
Apartamento;Méier;2;1;0;85;1100.0;180.0;79.0
Apartamento;Tanque;2;1;1;62;1100.0;640.0;41.0
Apartamento;Jacarepaguá;2;0;0;50;1000.0;530.0;50.0
Apartamento;Jacarepaguá;2;1;0;46;800.0;310.0;143.0
Apartamento;Realengo;2;0;0;50;450.0;369.0;
Apartamento;Rocha Miranda;2;1;0;55;1000.0;295.0;
Apartamento;Engenho de Dentro;2;0;0;53;800.0;260.0;16.0
Apartamento;Campo Grande;2;0;0;60;800.0;350.0;
Apartamento;Bonsucesso;2;1;0;70;1100.0;300.0;
Apartamento;Penha Circular;2;0;0;71;1100.0;321.0;
Apartamento;Higienópolis;2;0;0;65;1100.0;90.0;
Apartamento;Praça Seca;2;0;0;50;800.0;;16.0
Apartamento;Engenho Novo;2;1;0;60;1100.0;416.0;16.0
Apartamento;Bonsucesso;2;0;0;75;750.0;365.0;
Apartamento;Pechincha;2;1;0;58;1100.0;460.0;14.0
Apartamento;Cachambi;2;1;0;56;800.0;475.0;14.0
Apartamento;Freguesia (Jacarepaguá);2;1;0;70;1000.0;700.0;11.0
Apartamento;Pechincha;2;1;1;59;1100.0;426.0;
Apartamento;Penha;2;0;0;80;700.0;360.0;
Apartamento;Madureira;2;1;0;69;750.0;;
Apartamento;Maracanã;2;1;1;50;1100.0;850.0;
Apartamento;Campo Grande;2;1;0;60;1000.0;;
Apartamento;Riachuelo;2;0;0;80;1000.0;485.0;
Apartamento;Méier;2;0;0;54;1000.0;400.0;16.0
Apartamento;Todos os Santos;2;0;0;60;1100.0;370.0;20.0
Apartamento;Vila Kosmos;2;0;0;50;900.0;250.0;
Apartamento;Lins de Vasconcelos;2;1;1;52;800.0;499.0;35.0
Apartamento;Padre Miguel;2;0;0;50;700.0;30.0;
Apartamento;Campo Grande;2;0;0;60;600.0;;
Apartamento;Engenho Novo;2;1;0;42;750.0;365.0;
Apartamento;Rocha;2;0;0;67;900.0;226.0;16.0
Apartamento;Quintino Bocaiúva;2;1;0;58;690.0;420.0;
Apartamento;Curicica;2;1;0;46;1000.0;505.0;51.0
Apartamento;Irajá;3;0;0;73;900.0;270.0;
Apartamento;Taquara;2;1;0;70;1000.0;;13.0
Apartamento;Jacarepaguá;2;1;1;70;1100.0;829.0;
Apartamento;Olaria;2;1;0;100;1100.0;200.0;
Apartamento;Campo Grande;2;0;1;68;1100.0;456.0;
Apartamento;Itanhangá;2;1;0;65;1000.0;490.0;10.0
Apartamento;Pechincha;2;1;0;59;950.0;365.0;36.0
Apartamento;Magalhães Bastos;2;1;0;70;900.0;400.0;
Apartamento;Méier;3;1;2;89;1100.0;740.0;109.0
Apartamento;Campo Grande;2;0;0;74;800.0;;
Apartamento;Bonsucesso;2;0;0;70;1000.0;465.0;
Apartamento;Freguesia (Jacarepaguá);2;1;0;50;880.0;297.0;14.0
Apartamento;Engenho de Dentro;2;0;0;60;1000.0;410.0;13.0
Apartamento;Ramos;2;1;0;69;900.0;250.0;
Apartamento;Campo Grande;2;1;0;60;750.0;280.0;
Apartamento;Freguesia (Jacarepaguá);2;1;0;50;750.0;530.0;
Apartamento;Engenho Novo;2;0;0;48;1100.0;250.0;17.0
Apartamento;Pechincha;2;1;1;58;1090.0;450.0;
Apartamento;Lins de Vasconcelos;2;0;0;50;1000.0;200.0;36.0
Apartamento;Jardim Guanabara;2;0;0;87;1150.0;570.0;
Apartamento;Engenho Novo;3;1;0;60;1000.0;785.0;
Apartamento;Jacarepaguá;3;1;0;80;900.0;228.0;13.0
Apartamento;Campo Grande;2;1;0;48;650.0;261.0;
Apartamento;Campo Grande;2;1;0;65;800.0;600.0;
Apartamento;Madureira;2;0;0;50;1000.0;300.0;
Apartamento;Campo Grande;3;1;0;56;900.0;780.0;
Apartamento;Ramos;2;0;0;75;800.0;;
Apartamento;Pechincha;2;1;0;56;1000.0;517.0;
Apartamento;Santíssimo;2;1;0;45;600.0;;
Apartamento;Méier;2;0;0;58;900.0;465.0;35.0
Apartamento;Engenho Novo;2;0;0;67;900.0;500.0;
Apartamento;Ilha do Governador;2;1;0;60;1000.0;330.0;48.0
Apartamento;São Cristóvão;2;0;0;60;1100.0;350.0;20.0
Apartamento;Pechincha;3;1;1;80;1000.0;965.0;89.0
Apartamento;Campo Grande;2;1;0;50;850.0;340.0;
Apartamento;Estácio;2;0;0;31;900.0;250.0;20.0
Apartamento;Cosmos;2;0;0;50;800.0;;
Apartamento;Andaraí;2;1;0;65;1100.0;800.0;
Apartamento;Campo Grande;2;1;0;50;750.0;300.0;
Apartamento;Pechincha;2;1;2;60;1100.0;600.0;50.0
Apartamento;Taquara;2;1;0;55;700.0;230.0;16.0
Apartamento;Irajá;2;0;0;50;850.0;;
Apartamento;Taquara;2;1;0;70;1100.0;480.0;
Apartamento;Campo Grande;2;1;0;50;900.0;268.0;
Apartamento;Méier;2;1;0;80;900.0;550.0;59.0
Apartamento;Campo Grande;2;0;0;55;700.0;290.0;
Apartamento;Lins de Vasconcelos;2;1;0;60;1050.0;570.0;352.0
Apartamento;Campo Grande;2;1;0;49;850.0;300.0;
Apartamento;Vila da Penha;2;1;0;75;1100.0;403.0;
Apartamento;Penha;2;1;1;70;900.0;;
Apartamento;Engenho da Rainha;2;0;0;60;1000.0;285.0;
Apartamento;Portuguesa;2;1;0;48;1000.0;337.0;
Apartamento;Campo Grande;2;1;0;45;800.0;;
Apartamento;Vargem Pequena;2;1;0;50;900.0;282.0;25.0
Apartamento;Irajá;2;1;0;50;800.0;200.0;
Apartamento;Campo Grande;2;1;0;60;1000.0;;
Apartamento;Bonsucesso;2;0;0;64;1000.0;413.0;
Apartamento;Cordovil;2;1;0;88;1000.0;545.0;
Apartamento;Campo Grande;3;1;0;80;900.0;350.0;10.0
Apartamento;Itanhangá;2;1;0;66;750.0;650.0;
Apartamento;Vaz Lobo;2;0;0;80;1100.0;100.0;
Apartamento;Campo Grande;2;0;2;60;1000.0;;
Apartamento;Rio Comprido;2;1;0;88;1100.0;693.0;32.0
Apartamento;Campinho;2;1;0;70;650.0;320.0;
Apartamento;Engenho de Dentro;2;0;0;50;1000.0;;36.0
Apartamento;Freguesia (Jacarepaguá);2;1;0;57;1050.0;595.0;
Apartamento;Todos os Santos;2;0;0;65;1000.0;378.0;
Apartamento;Méier;2;0;0;66;1150.0;330.0;48.0
Apartamento;Bangu;2;1;0;78;900.0;420.0;
Apartamento;Anil;2;1;0;46;700.0;320.0;
Apartamento;Barra da Tijuca;2;1;0;75;1150.0;1160.0;
Apartamento;Andaraí;2;1;0;74;900.0;650.0;
Apartamento;Magalhães Bastos;2;0;1;40;900.0;;60.0
Apartamento;Todos os Santos;2;0;0;70;900.0;375.0;14.0
Apartamento;Campo Grande;2;1;1;45;850.0;;
Apartamento;Benfica;3;0;0;120;790.0;180.0;162.0
Apartamento;Barra da Tijuca;2;1;1;70;1100.0;1000.0;
Apartamento;Maria da Graça;3;0;0;85;1100.0;220.0;
Apartamento;Vila da Penha;2;0;0;60;800.0;285.0;
Apartamento;Praça da Bandeira;2;0;0;54;1000.0;500.0;25.0
Apartamento;Campo Grande;2;1;0;40;550.0;210.0;
Apartamento;Méier;2;0;0;46;1000.0;350.0;16.0
Apartamento;Pavuna;2;1;0;45;800.0;266.0;
Apartamento;Campo Grande;2;1;0;50;1000.0;300.0;
Apartamento;Méier;2;0;0;44;1000.0;254.0;16.0
Apartamento;Guadalupe;2;0;0;57;850.0;;
Apartamento;Freguesia (Jacarepaguá);2;0;0;48;800.0;280.0;
Apartamento;Jacarepaguá;2;1;0;48;1000.0;500.0;50.0
Apartamento;Lins de Vasconcelos;3;1;0;78;900.0;600.0;700.0
Apartamento;Irajá;2;1;0;46;1100.0;300.0;
Apartamento;Campo Grande;2;0;0;50;1000.0;;
Apartamento;Inhoaíba;2;1;0;44;650.0;310.0;
Apartamento;Anil;2;0;0;42;850.0;;
Apartamento;Vila da Penha;2;1;0;84;900.0;598.0;52.0
Apartamento;Campo Grande;2;0;0;52;950.0;300.0;
Apartamento;Campo Grande;3;1;1;90;900.0;420.0;
Apartamento;Santa Cruz;2;1;0;51;500.0;200.0;
Apartamento;Campo Grande;2;1;0;70;800.0;;
Apartamento;Campo Grande;2;1;0;48;550.0;450.0;
Apartamento;Campo Grande;2;1;0;65;750.0;190.0;
Apartamento;Pavuna;2;0;0;60;750.0;;
Apartamento;Cachambi;2;1;0;70;1100.0;550.0;165.0
Apartamento;Olaria;2;0;0;59;1000.0;250.0;
Apartamento;Curicica;2;1;0;55;1100.0;360.0;40.0
Apartamento;Olaria;2;0;0;60;1100.0;90.0;
Apartamento;Centro;3;0;0;100;1100.0;621.0;
Apartamento;Penha;2;0;0;53;1000.0;206.0;
Apartamento;Estácio;2;0;0;65;1000.0;590.0;
Apartamento;Rio Comprido;2;1;0;52;1100.0;766.0;14.0
Apartamento;Honório Gurgel;2;1;0;50;450.0;340.0;
Apartamento;Freguesia (Jacarepaguá);2;1;0;50;800.0;350.0;
Apartamento;Engenho Novo;2;1;0;68;900.0;620.0;
Apartamento;Méier;2;1;0;47;900.0;400.0;13.0
Apartamento;Abolição;2;0;0;48;900.0;300.0;13.0
Apartamento;Jacarepaguá;2;1;1;60;1050.0;650.0;
Apartamento;Campo Grande;2;1;0;60;700.0;310.0;
Apartamento;Taquara;2;1;0;74;1100.0;630.0;50.0
Apartamento;Pechincha;2;1;0;51;1050.0;510.0;
Apartamento;Piedade;2;0;1;62;700.0;210.0;
Apartamento;Taquara;2;1;0;48;1100.0;250.0;17.0
Apartamento;Campo Grande;2;2;0;65;700.0;350.0;
Apartamento;Bonsucesso;2;0;0;48;900.0;220.0;
Apartamento;Taquara;2;1;0;91;800.0;599.0;82.0
Apartamento;Todos os Santos;3;0;0;62;800.0;472.0;16.0
Apartamento;Tijuca;2;0;0;40;1100.0;492.0;25.0
Apartamento;Tijuca;3;0;0;72;1100.0;438.0;23.0
Apartamento;Rio Comprido;2;0;0;75;1100.0;480.0;47.0
Apartamento;Campo Grande;2;0;0;50;1100.0;;2.0
Apartamento;Bonsucesso;2;0;0;61;1100.0;;
Apartamento;Madureira;2;0;0;75;1050.0;;
Apartamento;Campo Grande;2;1;0;70;900.0;440.0;
Apartamento;Engenho de Dentro;3;1;0;75;1000.0;600.0;150.0
Apartamento;Campo Grande;2;1;0;67;900.0;600.0;
Apartamento;Vila da Penha;2;1;0;90;1000.0;590.0;60.0
Apartamento;Irajá;2;0;0;61;1000.0;315.0;
Apartamento;Praça Seca;2;1;0;76;880.0;440.0;13.0
Apartamento;Praça Seca;3;0;0;56;1000.0;210.0;
Apartamento;Freguesia (Jacarepaguá);2;1;0;48;700.0;430.0;
Apartamento;Cachambi;2;0;0;50;900.0;286.0;
Apartamento;Taquara;2;1;0;50;850.0;520.0;
Apartamento;Benfica;3;0;0;115;790.0;180.0;556.0
Apartamento;Rio Comprido;2;0;0;70;1000.0;469.0;96.0
Apartamento;Campo Grande;2;0;0;65;600.0;230.0;
Apartamento;Penha Circular;3;1;0;60;1100.0;;42.0
Apartamento;Cachambi;2;1;0;54;900.0;85.0;14.0
Apartamento;Freguesia (Jacarepaguá);2;0;0;48;1000.0;297.0;
Apartamento;Campo Grande;2;0;0;60;890.0;280.0;
Apartamento;Cachambi;2;0;0;45;1000.0;310.0;16.0
Apartamento;Encantado;2;1;0;48;1000.0;495.0;
Apartamento;Méier;2;0;0;65;1100.0;681.0;
Apartamento;Quintino Bocaiúva;2;0;0;40;800.0;;
Apartamento;Taquara;3;1;0;48;1000.0;411.0;
Apartamento;Pechincha;2;1;0;70;800.0;350.0;
Apartamento;Lins de Vasconcelos;2;1;1;100;1000.0;668.0;67.0
Apartamento;Campo Grande;2;0;0;55;700.0;330.0;
Apartamento;Portuguesa;2;1;0;48;1100.0;336.0;
Apartamento;Rio Comprido;2;0;0;56;1150.0;462.0;
Apartamento;São Cristóvão;2;0;0;60;1000.0;700.0;30.0
Apartamento;Méier;2;1;0;70;1000.0;555.0;52.0
Apartamento;Vila Valqueire;3;0;0;60;1100.0;200.0;16.0
Apartamento;Anil;2;1;0;60;1100.0;430.0;35.0
Apartamento;Campo Grande;2;1;0;70;750.0;330.0;
Apartamento;Paciência;2;1;0;50;400.0;200.0;2.0
Apartamento;Campo Grande;2;1;0;60;700.0;345.0;
Apartamento;Taquara;2;1;1;50;1000.0;368.0;
Apartamento;Santa Cruz;2;1;0;50;700.0;280.0;
Apartamento;Anil;2;1;0;48;1000.0;490.0;18.0
Apartamento;Campo Grande;2;1;0;45;850.0;;
Apartamento;Cascadura;2;1;0;78;700.0;591.0;
Apartamento;Piedade;3;0;0;61;1000.0;260.0;
Apartamento;Maracanã;2;0;0;65;1000.0;463.0;14.0
Apartamento;Itanhangá;2;1;0;60;900.0;360.0;
Apartamento;Freguesia (Jacarepaguá);2;1;0;50;1100.0;380.0;
Apartamento;Campo Grande;2;1;0;47;750.0;290.0;
Apartamento;Vaz Lobo;2;1;0;60;850.0;309.0;
Apartamento;Rio Comprido;2;1;0;71;940.0;550.0;14.0
Apartamento;Senador Vasconcelos;2;1;1;45;850.0;180.0;
Apartamento;Gamboa;2;0;0;43;950.0;;
Apartamento;Guadalupe;2;0;0;80;1000.0;;
Apartamento;Andaraí;2;0;0;57;1000.0;555.0;64.0
Apartamento;Centro;2;0;0;50;1000.0;450.0;50.0
Apartamento;Engenho de Dentro;2;1;0;46;1000.0;367.0;16.0
Apartamento;Taquara;2;0;0;52;700.0;265.0;11.0
Apartamento;Penha Circular;2;0;0;60;990.0;120.0;
Apartamento;Engenho de Dentro;2;1;0;50;1100.0;405.0;16.0
Apartamento;São Francisco Xavier;2;0;0;63;1000.0;355.0;17.0
Apartamento;Oswaldo Cruz;2;1;0;65;1100.0;;
Apartamento;Irajá;2;1;0;52;1100.0;310.0;
Apartamento;Campo Grande;2;1;1;80;1000.0;400.0;
Apartamento;Engenho Novo;2;1;1;80;1100.0;480.0;70.0
Apartamento;Rio Comprido;2;1;0;81;700.0;885.0;89.0
Apartamento;Vaz Lobo;2;1;0;40;1100.0;406.0;
Apartamento;Todos os Santos;2;1;0;62;990.0;492.0;
Apartamento;Campo Grande;2;1;0;45;700.0;130.0;
Apartamento;Vista Alegre;2;0;0;62;1050.0;;
Apartamento;Paciência;2;0;0;45;500.0;200.0;
Apartamento;Riachuelo;3;1;1;94;900.0;600.0;
Apartamento;Cordovil;2;0;0;55;850.0;450.0;
Apartamento;Realengo;2;0;0;44;700.0;;
Apartamento;Vila da Penha;2;0;0;40;900.0;326.0;
Apartamento;Taquara;2;1;0;45;900.0;345.0;14.0
Apartamento;Freguesia (Jacarepaguá);2;1;0;55;1000.0;450.0;40.0
Apartamento;Vila da Penha;2;1;1;98;980.0;660.0;59.0
Apartamento;Campo Grande;2;1;0;52;850.0;360.0;20.0
Apartamento;Campo Grande;2;1;0;45;650.0;190.0;
Apartamento;Engenho Novo;2;1;0;45;1000.0;373.0;16.0
Apartamento;Rocha;2;0;0;70;950.0;400.0;16.0
Apartamento;Campo Grande;2;1;0;40;600.0;;
Apartamento;Cascadura;2;1;0;61;800.0;418.0;
Apartamento;Lins de Vasconcelos;2;0;0;53;1100.0;285.0;16.0
Apartamento;Méier;2;1;0;58;1100.0;652.0;35.0
Apartamento;Barra da Tijuca;2;1;0;75;1150.0;1160.0;
Apartamento;Penha;2;1;0;52;1000.0;170.0;
Apartamento;Méier;2;0;0;60;1100.0;370.0;17.0
Apartamento;Méier;2;1;0;85;1100.0;180.0;79.0
Apartamento;Pechincha;2;1;0;50;1000.0;500.0;141.0
Apartamento;Vaz Lobo;2;1;0;60;800.0;374.0;
Apartamento;Vila Isabel;2;0;0;80;1000.0;500.0;25.0
Apartamento;Campo Grande;2;1;0;47;800.0;221.0;
Apartamento;Engenho de Dentro;2;1;0;80;1100.0;368.0;70.0
Apartamento;Engenho Novo;2;1;0;50;1000.0;43593.0;
Apartamento;Vila Isabel;2;0;0;45;1100.0;270.0;
Apartamento;Campo Grande;2;0;0;65;800.0;;
Apartamento;Vista Alegre;2;0;0;55;900.0;;
Apartamento;Madureira;2;0;0;60;1000.0;200.0;
Apartamento;Tanque;2;1;0;43;800.0;684.0;16.0
Apartamento;Pechincha;2;1;0;60;900.0;422.0;14.0
Apartamento;Freguesia (Jacarepaguá);2;0;0;45;950.0;290.0;13.0
Apartamento;Jacarepaguá;2;1;0;61;1000.0;281.0;35.0
Apartamento;Bangu;2;0;0;50;640.0;25.0;
Apartamento;Vaz Lobo;2;1;0;50;1100.0;;
Apartamento;Pechincha;2;1;0;80;1000.0;530.0;25.0
Apartamento;Taquara;2;1;1;60;1000.0;530.0;58.0
Apartamento;Penha;2;0;0;60;1000.0;300.0;
Apartamento;Freguesia (Jacarepaguá);2;1;0;55;1100.0;510.0;36.0
Apartamento;Praça Seca;2;1;0;60;700.0;365.0;74.0
Apartamento;Taquara;2;1;0;45;800.0;380.0;10.0
Apartamento;Vila Valqueire;2;1;0;73;1100.0;610.0;
Apartamento;Cosmos;2;1;0;60;650.0;;
Apartamento;Todos os Santos;2;0;0;44;1000.0;295.0;35.0
Apartamento;Campo Grande;2;1;0;50;900.0;308.0;
Apartamento;Tomás Coelho;2;1;0;70;900.0;337.0;
Apartamento;Freguesia (Jacarepaguá);2;0;0;46;1000.0;290.0;16.0
Apartamento;Cachambi;2;1;1;65;1000.0;800.0;60.0
Apartamento;Curicica;2;1;0;47;1100.0;500.0;50.0
Apartamento;Campo Grande;2;1;0;50;900.0;220.0;
Apartamento;Recreio dos Bandeirantes;3;1;1;76;1100.0;788.0;147.0
Apartamento;Campo Grande;2;1;0;50;900.0;220.0;
Apartamento;Lins de Vasconcelos;2;1;0;65;1000.0;490.0;47.0
Apartamento;Tomás Coelho;2;0;0;50;700.0;70.0;
Apartamento;Curicica;3;1;1;62;1100.0;652.0;73.0
Apartamento;Guadalupe;2;0;0;46;650.0;;
Apartamento;Santa Teresa;2;1;2;50;800.0;360.0;14.0
Apartamento;Campo Grande;2;1;0;54;1000.0;225.0;
Apartamento;Méier;2;0;1;71;1100.0;681.0;
Apartamento;Méier;2;0;0;60;900.0;;
Apartamento;Maracanã;2;0;0;58;1100.0;38.0;
Apartamento;Braz de Pina;2;0;0;55;950.0;;
Apartamento;Campo Grande;2;1;1;65;1000.0;450.0;
Apartamento;Realengo;2;1;0;80;800.0;253.0;
Apartamento;Méier;2;0;0;62;950.0;160.0;38.0
Apartamento;Vila Valqueire;2;1;0;70;1000.0;50.0;25.0
Apartamento;Bonsucesso;2;0;0;54;1000.0;;
Apartamento;Vista Alegre;2;2;0;70;800.0;290.0;
Apartamento;Bonsucesso;2;0;0;55;1000.0;465.0;
Apartamento;Vicente de Carvalho;2;1;0;67;1100.0;300.0;
Apartamento;Méier;3;0;0;80;950.0;340.0;
Apartamento;Campo Grande;2;1;0;65;850.0;75.0;
Apartamento;Campo Grande;3;1;0;50;900.0;;
Apartamento;Méier;2;0;0;64;1100.0;681.0;
Apartamento;Irajá;2;1;0;50;800.0;110.0;
Apartamento;Méier;2;0;1;52;1000.0;550.0;14.0
Apartamento;Pechincha;2;2;0;51;1150.0;360.0;
Apartamento;Taquara;2;1;0;60;1100.0;630.0;
Apartamento;Irajá;2;1;0;55;850.0;395.0;
Apartamento;Tanque;2;1;0;62;600.0;392.0;
Apartamento;Méier;2;1;0;50;900.0;200.0;13.0
Apartamento;Gardênia Azul;2;0;1;45;850.0;;
Apartamento;Pechincha;2;1;0;60;1000.0;366.0;15.0
Apartamento;Senador Vasconcelos;2;1;1;60;1000.0;180.0;
Apartamento;Anil;2;1;0;50;900.0;350.0;1350.0
Apartamento;Freguesia (Jacarepaguá);2;1;0;55;1000.0;450.0;
Apartamento;Tijuca;2;1;0;80;1000.0;614.0;
Apartamento;Praça Seca;2;1;0;60;1100.0;400.0;12.0
Apartamento;Rocha;2;1;0;66;1000.0;418.0;
Apartamento;Taquara;2;1;0;60;1000.0;508.0;14.0
Apartamento;Recreio dos Bandeirantes;2;0;1;80;1000.0;1100.0;230.0
Apartamento;Rio Comprido;2;0;0;64;1000.0;692.0;
Apartamento;Sampaio;2;0;0;78;750.0;298.0;13.0
Apartamento;Grajaú;2;0;0;47;1150.0;448.0;
Apartamento;Campo Grande;2;1;0;50;1000.0;295.0;
Apartamento;Freguesia (Jacarepaguá);2;0;0;40;1000.0;150.0;
Apartamento;Campo Grande;2;1;0;50;1050.0;;
Apartamento;Cosmos;2;1;0;45;400.0;217.0;
Apartamento;Taquara;2;0;0;52;900.0;526.0;38.0
Apartamento;Campo Grande;2;1;0;65;700.0;240.0;
Apartamento;Honório Gurgel;2;1;0;48;650.0;250.0;
Apartamento;Campo Grande;3;1;0;50;900.0;;
Apartamento;Todos os Santos;2;0;0;52;900.0;380.0;
Apartamento;Campo Grande;2;1;0;52;500.0;90.0;
Apartamento;Campo Grande;2;1;0;65;850.0;75.0;
Apartamento;Taquara;2;1;1;59;1000.0;514.0;
Apartamento;Bento Ribeiro;2;1;0;69;1100.0;15.0;
Apartamento;Campo Grande;2;1;0;53;800.0;265.0;
Apartamento;Riachuelo;2;0;0;43;900.0;;16.0
Apartamento;Pechincha;2;1;1;110;1100.0;451.0;139.0
Apartamento;Anil;2;0;0;48;1070.0;;
Apartamento;Vila da Penha;2;1;0;90;1100.0;590.0;
Apartamento;Engenho Novo;2;0;0;67;900.0;500.0;
Apartamento;Campo Grande;3;0;0;52;900.0;;
Apartamento;Campo Grande;2;1;0;60;800.0;355.0;
Apartamento;Praça Seca;2;1;0;58;850.0;550.0;200.0
Apartamento;Cachambi;2;1;0;69;1100.0;555.0;
Apartamento;Méier;2;1;0;68;1100.0;322.0;13.0
Apartamento;Anil;2;1;0;48;1100.0;360.0;18.0
Apartamento;Taquara;2;1;1;59;1100.0;421.0;
Apartamento;Encantado;2;1;0;75;1000.0;530.0;
Apartamento;Itanhangá;2;0;0;54;900.0;546.0;27.0
Apartamento;Parada de Lucas;2;1;0;55;900.0;140.0;
Apartamento;Curicica;2;1;0;50;800.0;410.0;
Apartamento;Méier;2;1;0;64;1100.0;644.0;
Apartamento;Irajá;2;1;0;62;1000.0;300.0;
Apartamento;Campo Grande;2;1;0;45;770.0;230.0;
Apartamento;Irajá;2;1;0;50;900.0;300.0;
Apartamento;Campinho;2;0;0;63;800.0;392.0;
Apartamento;Freguesia (Jacarepaguá);2;1;0;60;500.0;900.0;148.0
Apartamento;Vila Valqueire;2;0;0;52;1000.0;550.0;
Apartamento;Méier;2;0;0;70;900.0;490.0;48.0
